OriginalPath	NewPath	Classification	Reason	OriginalSHA256	NewSHA256	HashMatch	UsedInThesis	SourceSnapshotID	Notes
(none)	failure/MANIFEST.tsv	failure	Gate B/B2/B2.1新規生成	 	40ecae9c7f179256142d3c64ce3af57eb9a69fda5f156f6efcdf570abc50c670	new	no	archival_generated	生成: 整理; Gate H0 memory_paths反映
(none)	failure/README.md	failure	Gate B/B2/B2.1新規生成	 	60a0d8c270dca2c2ff93aff001cf69ce50c84fbb9498a613be567e75b59c333b	new	no	archival_generated	生成: 整理; Gate H0 memory_paths反映
build_miyabi/result_pathmerge_sweep_20260711_083659_2359080/pathmerge_sweep.log	raw_data/unsuccessful/early_terminated/pathmerge_sweep/roadNet-PA/job_2359080_20260711/pathmerge_sweep.log	failure	build_miyabi(未追跡)から小ファイルcopy	59418cba3c0d6e52b8c25a350cb33f37e18795756c7e166bc041553e0f8e6f29	59418cba3c0d6e52b8c25a350cb33f37e18795756c7e166bc041553e0f8e6f29	yes	no	phase_def_block_20260710	原本はEXTERNAL_ARTIFACTS
build_miyabi/result_pathmerge_sweep_20260711_083659_2359080/pathmerge_sweep_results.tsv	raw_data/unsuccessful/early_terminated/pathmerge_sweep/roadNet-PA/job_2359080_20260711/pathmerge_sweep_results.tsv	failure	build_miyabi(未追跡)から小ファイルcopy	b39b2f4f6a8a25a9a3a8a6d23c03166db0a6a1f626d9b429a5dc3a9a8e489760	b39b2f4f6a8a25a9a3a8a6d23c03166db0a6a1f626d9b429a5dc3a9a8e489760	yes	no	phase_def_block_20260710	原本はEXTERNAL_ARTIFACTS
build_miyabi/result_pathmerge_sweep_20260711_083959_2359096/pathmerge_sweep.log	raw_data/unsuccessful/early_terminated/pathmerge_sweep/email-EuAll/job_2359096_20260711/pathmerge_sweep.log	failure	build_miyabi(未追跡)から小ファイルcopy	44bb21b519df36a7d7a2a92e1f7586e326d085c96326e7daef9baaec0aa84abc	44bb21b519df36a7d7a2a92e1f7586e326d085c96326e7daef9baaec0aa84abc	yes	no	phase_def_block_20260710	原本はEXTERNAL_ARTIFACTS
build_miyabi/result_pathmerge_sweep_20260711_083959_2359096/pathmerge_sweep_results.tsv	raw_data/unsuccessful/early_terminated/pathmerge_sweep/email-EuAll/job_2359096_20260711/pathmerge_sweep_results.tsv	failure	build_miyabi(未追跡)から小ファイルcopy	4ac33b396d3c088f68a594ca960531c891253d327a4798807f99f45998e7b15b	4ac33b396d3c088f68a594ca960531c891253d327a4798807f99f45998e7b15b	yes	no	phase_def_block_20260710	原本はEXTERNAL_ARTIFACTS
build_miyabi/result_profiling_20260711_092110_2359175/ablation_H1W1A1.stats.txt	raw_data/unsuccessful/failed/profiling/ablation_H1W1A1_incomplete/job_2359175_20260711/ablation_H1W1A1.stats.txt	failure	build_miyabi(未追跡)から小ファイルcopy	ecc82d6e51d065fea8f2219f4a9dd058480f8834630222c5cd099b6ba11d6868	ecc82d6e51d065fea8f2219f4a9dd058480f8834630222c5cd099b6ba11d6868	yes	no	phase_def_block_20260710	原本はEXTERNAL_ARTIFACTS
build_miyabi/result_final_tables/final_speedup_tables.md	failure/superseded_success/final_speedup_tables_OLD.md	failure	build_miyabi(未追跡)から小ファイルcopy	a28c0dae14102a52409a6e63c5ee0194bd4c9c1b0d5d87ccfab2331cc342f5de	a28c0dae14102a52409a6e63c5ee0194bd4c9c1b0d5d87ccfab2331cc342f5de	yes	no	phase_def_block_20260710	原本はEXTERNAL_ARTIFACTS
legacy_results_miyabi/result_paper/large/gpu_opt_and_gpu_opt_pure_chunked/speedup_table.md	failure/superseded_success/legacy_shared_tables/large/gpu_opt_and_gpu_opt_pure_chunked/speedup_table.md	failure	git mv(内容不変)	02f13392a9574a7e71039ca326c3a30b0a3aed5626b009be3333fc561f0ecc5f	02f13392a9574a7e71039ca326c3a30b0a3aed5626b009be3333fc561f0ecc5f	yes	no	oldtree_f05ec52_20260512
legacy_results_miyabi/result_paper/large/gpu_opt_and_gpu_opt_pure_chunked/summary_table.md	failure/superseded_success/legacy_shared_tables/large/gpu_opt_and_gpu_opt_pure_chunked/summary_table.md	failure	git mv(内容不変)	1f1bc2803db47c50e056acb2b75965355f6da692127a8eb160af1f76c9a5636b	1f1bc2803db47c50e056acb2b75965355f6da692127a8eb160af1f76c9a5636b	yes	no	oldtree_f05ec52_20260512
legacy_results_miyabi/result_paper/large/speedup_table_no_gpu_opt.md	failure/superseded_success/legacy_shared_tables/large/speedup_table_no_gpu_opt.md	failure	git mv(内容不変)	027d203505c3b72c71b0dcf33a504b54a3270df7a9b581555780db0d37845321	027d203505c3b72c71b0dcf33a504b54a3270df7a9b581555780db0d37845321	yes	no	oldtree_f05ec52_20260512
legacy_results_miyabi/result_paper/large/summary_table_no_gpu_opt.md	failure/superseded_success/legacy_shared_tables/large/summary_table_no_gpu_opt.md	failure	git mv(内容不変)	9dec529160a9adc65f8795803be8ac2e7e7edf9ec5b5668ae20d7c9f948ad6c1	9dec529160a9adc65f8795803be8ac2e7e7edf9ec5b5668ae20d7c9f948ad6c1	yes	no	oldtree_f05ec52_20260512
(none)	legacy_results_miyabi/README.md	result	Gate B/B2/B2.1新規生成	 	f89d7c54f8cc4302d473fe5f24ca672392b67d95b8258758442392a9e2ebe766	new	partial	archival_generated	生成: 整理
(none)	result/CLAIMS.md	result	Gate B新規生成+Gate F0 small correctness更新	not_applicable	80d6a38487f4571e2a1f765d4316358f775b28470af4f1b65d2007a6942ec905	modified	partial	archival_generated	小規模3グラフのみSUPPORTED; Gate H0 memory_paths反映
(none)	result/COVERAGE.md	result	Gate B新規生成+Gate F0 small correctness更新	not_applicable	a14b21f2db19a5ef5795282cb1dc879d1a4eb6d66af53f7ddaa6bf44d4e814bc	modified	partial	archival_generated	小規模3グラフのfull-vector coverage追加; Gate H0 memory_paths反映
(none)	result/EXTERNAL_ARTIFACTS.tsv	result	Gate B新規生成+Gate F0 raw vector台帳追加	not_applicable	7f1a418bbc7e88b5d28ca0f53a4a8b1709b1261e27a40ea7df5688e48bf5d8a7	modified	partial	archival_generated	raw vector 6本を個別登録; Gate H0 memory_paths反映; Gate W5.2 PathMerge vector 4本を currently_unavailable として登録
results_miyabi/MANIFEST.md	result/MANIFEST.md	result	パス参照更新+Gate F0 small correctness更新	1a9bc45b194fee604876cffe35a505fcd24466098cd39b30f02c6d0ef8c9ac8d	3f9ac27bc72068cafb137a7462aeb6beb4d4bc1559c026de991148b10f5ce179	modified	partial	memory_diagnostic_20260713	NS_eff=2を含むjob provenance追加; Gate H0 memory_paths反映
(none)	result/MIGRATION_MAP.tsv	result	Gate B新規生成(自己参照)+Gate F0更新	not_applicable	self_not_applicable	self_not_applicable	partial	archival_generated	self-referential hash のため対象外; Gate H0
results_miyabi/README.md	result/README.md	result	新構成向け書換え+Gate F0 small correctness索引追加	0edabd5eac2b321c6202546792020ebb7fa0e38ea366ae1a3c3e461e3d9a7b5f	0ddc437d92305b50f771a4d5dfcc74a9244b8b89d22ec4adb24472f483073721	modified	partial	memory_diagnostic_20260713	小規模正確性archive索引; Gate H0 memory_paths反映
(none)	result/TABLES_AND_FIGURES.md	result	Gate B新規生成+Gate F0 correctness table追加	not_applicable	effd828b284f42ff4e14c135051ac197d72e013ba991b23ce6f54bbacd695320	modified	partial	archival_generated	時間値は性能入力に不使用; Gate H0 memory_paths反映
(none)	result/ablation/email_2354999/SOURCE.md	result	Gate B/B2/B2.1新規生成	 	51fdd7aab39da2a21ced5ec3d2c601f2315e61d14b782a091b9bdb198ffabc8d	new	yes	archival_generated	生成: 整理; Gate W13.1でwarmup記載を訂正(なし→invocation当たりuntimed H1W1A1×1); 測定値・主効果・trial数は不変
build_miyabi/result_ablation_20260710_182735_2354999/ablation.log	raw_data/ablation/email-EuAll/job_2354999_20260710/ablation.log	result	build_miyabi(未追跡)から小ファイルcopy	80318d132bba03f6fc07e3338cc3e86ac62a038df3bf440535f155306af650a1	80318d132bba03f6fc07e3338cc3e86ac62a038df3bf440535f155306af650a1	yes	yes	phase_def_block_20260710	原本はEXTERNAL_ARTIFACTS
build_miyabi/result_ablation_20260710_182735_2354999/ablation_contributions.tsv	result/ablation/email_2354999/ablation_contributions.tsv	result	build_miyabi(未追跡)から小ファイルcopy	5974a5d9a15bc6e1ce86d27b75e04b094049aad3b502ed6bf7030c2e35e1d827	5974a5d9a15bc6e1ce86d27b75e04b094049aad3b502ed6bf7030c2e35e1d827	yes	yes	phase_def_block_20260710	原本はEXTERNAL_ARTIFACTS
build_miyabi/result_ablation_20260710_182735_2354999/ablation_results.tsv	raw_data/ablation/email-EuAll/job_2354999_20260710/ablation_results.tsv	result	build_miyabi(未追跡)から小ファイルcopy	77fd81068e345888b98368e4f88162b4a75780e7f25c6786deb7bd6a62b0c45a	77fd81068e345888b98368e4f88162b4a75780e7f25c6786deb7bd6a62b0c45a	yes	yes	phase_def_block_20260710	原本はEXTERNAL_ARTIFACTS
build_miyabi/result_ablation_20260710_182735_2354999/ablation_summary.md	result/ablation/email_2354999/ablation_summary.md	result	build_miyabi(未追跡)から小ファイルcopy+Gate C whitespace正規化	b2ddc1a7b949541090fa2d2e788a27cb01a1b58bddb8cc851489a6fe9d267d0f	6df8d8c85e2129634328594726562f33bdf41695508dc6679486e093f229f1e3	modified	yes	phase_def_block_20260710	原本はEXTERNAL_ARTIFACTS; Gate CでEOF空行1行削除; Gate W3.1でSample SDをddof=1へ訂正
(none)	result/ablation/synthetic_2354994/SOURCE.md	result	Gate B/B2/B2.1新規生成	 	91974e51e2c94c9c864ad774c79844d5fa82d1f2f9fb725952f56f766526edd8	new	yes	archival_generated	生成: 整理
build_miyabi/result_ablation_20260710_182735_2354994/ablation.log	raw_data/ablation/synthetic/job_2354994_20260710/ablation.log	result	build_miyabi(未追跡)から小ファイルcopy	7e0eaf644f40360e0bd8e613d22945f00a5cf7f5fe919f2c46921391bb5da65a	7e0eaf644f40360e0bd8e613d22945f00a5cf7f5fe919f2c46921391bb5da65a	yes	yes	phase_def_block_20260710	原本はEXTERNAL_ARTIFACTS
build_miyabi/result_ablation_20260710_182735_2354994/ablation_contributions.tsv	result/ablation/synthetic_2354994/ablation_contributions.tsv	result	build_miyabi(未追跡)から小ファイルcopy	fa9d25b1edd0aae16fb76bb395d46b7a705557f266960cbf13bd7a6d6830c6b7	fa9d25b1edd0aae16fb76bb395d46b7a705557f266960cbf13bd7a6d6830c6b7	yes	yes	phase_def_block_20260710	原本はEXTERNAL_ARTIFACTS
build_miyabi/result_ablation_20260710_182735_2354994/ablation_results.tsv	raw_data/ablation/synthetic/job_2354994_20260710/ablation_results.tsv	result	build_miyabi(未追跡)から小ファイルcopy	ef0f787086d4dcfb4bba8181aa248ddecef74bda2759d2456af563e5bb5193eb	ef0f787086d4dcfb4bba8181aa248ddecef74bda2759d2456af563e5bb5193eb	yes	yes	phase_def_block_20260710	原本はEXTERNAL_ARTIFACTS
build_miyabi/result_ablation_20260710_182735_2354994/ablation_summary.md	result/ablation/synthetic_2354994/ablation_summary.md	result	build_miyabi(未追跡)から小ファイルcopy+Gate C whitespace正規化	ebee4af880d99d671276c4e0f58693fae599e3e3e2fcb342ae12f71acd9c8c51	da7bac61b75aa1a186e754501272c8c11a3ef8aca5553cdbd13eb768aa9de1af	modified	yes	phase_def_block_20260710	原本はEXTERNAL_ARTIFACTS; Gate CでEOF空行1行削除; Gate W3.1でSample SDをddof=1へ訂正
results_miyabi/correctness/README.md	result/correctness/pathmerge_tuned/README.md	result	再現コマンドのパスを新構成へ更新	bc912ce82b7cbaf758bffcdedc8cd136b849cca3e40cf2d959489ea7c9784684	9109109139786c75a9ea24b9e4bc2246009a9493cb6838dd79fcb7acaf1422cf	modified	yes	phase_def_block_20260710
(none)	result/correctness/pathmerge_tuned/SOURCE.md	result	Gate B/B2/B2.1新規生成	 	e74bd0d124fd057d351ce61662e96af0a6328fe03d920b4015f1d5194d0798e2	new	yes	archival_generated	生成: 整理
results_miyabi/correctness/email-EuAll_b64_vs_b2048.md	result/correctness/pathmerge_tuned/email-EuAll_b64_vs_b2048.md	result	git mv(内容不変)	8c11be93d19b91a6c08043afd190425f35a097e8ce6704661fd57de2c76ece51	8ee07f553a4cd737faaba6733f67a593e846a23b120889304bccc4385c0552f5	yes	yes	phase_def_block_20260710
results_miyabi/correctness/roadNet-CA_b32_vs_b64.md	result/correctness/pathmerge_tuned/roadNet-CA_b32_vs_b64.md	result	git mv(内容不変)	e10891923b9e5f9253951fc8dcd21400d1b780e0e5c9f2fe0552c47e33d90d52	0efde39b94c08f528a160c0380d1860fe7beecc797f37c898c7f65e670c5b1e6	yes	yes	phase_def_block_20260710
(none)	result/coverage_matrix.tsv	result	Gate B新規生成+Gate F0 small correctness行追加	not_applicable	acd538abcfefd96a2f94f058cd2a02961b9761c31d432dbce3b9db56921a299e	modified	partial	archival_generated	full_vector_independent_reference; Gate H0 memory_paths反映
(none)	result/datasets/README.md	result	Gate B/B2/B2.1新規生成	 	c057eea2219fb3ef766ba48a8fb944dda662cc6496ebd75d699a314cb7d2f553	new	partial	archival_generated	生成: 整理
(none)	result/datasets/graph_catalog.tsv	result	Gate B/B2/B2.1新規生成	 	46401e2ef39d9aba1926fcfe9764c97ebceb4af7f9b1b39805044dd125e65164	new	partial	archival_generated	生成: 整理
(none)	result/environment/environment.md	result	Gate B/B2/B2.1新規生成	 	8b69d4d02483b0f226af46effff33b9eaba2fdef7703871411c187fe40624f4c	new	partial	archival_generated	生成: 整理
results_miyabi/figures/statistical_test.md	result/figures/statistical_test.md	result	git mv(内容不変)	328d621a061dd46b7cd10b2258ef0023faad389cf328dfc1f4b3fed188e3874a	328d621a061dd46b7cd10b2258ef0023faad389cf328dfc1f4b3fed188e3874a	yes	partial	phase_def_block_20260710
(none)	result/main_performance/proposed_variants/SOURCE.md	result	Gate B/B2/B2.1新規生成	 	e79bdfbf86987605faa2de15183aca68f8715c1fab59fd94cade2963bc9c6efc	new	yes	archival_generated	生成: 整理
results_miyabi/phaseD_benchmark_block/email-EuAll/benchmark.log	raw_data/main_performance/proposed_variants/email-EuAll/_run/job_2357334_20260711/benchmark.log	result	git mv(内容不変)	9b57cf09f7c9496a7391aba36ded08921cf74c08fc734bbcf296eb1b26d5cd1c	9b57cf09f7c9496a7391aba36ded08921cf74c08fc734bbcf296eb1b26d5cd1c	yes	yes	phase_def_block_20260710
results_miyabi/phaseD_benchmark_block/email-EuAll/correctness.md	result/main_performance/proposed_variants/email-EuAll/correctness.md	result	git mv(内容不変)	4169570839169bc2499381094f7ada0c1b9107047d10937aaafb598fe0aa231c	4169570839169bc2499381094f7ada0c1b9107047d10937aaafb598fe0aa231c	yes	yes	phase_def_block_20260710
results_miyabi/phaseD_benchmark_block/email-EuAll/max_bc.tsv	raw_data/main_performance/proposed_variants/email-EuAll/_run/job_2357334_20260711/max_bc.tsv	result	git mv(内容不変)	0c708ffc33fd83bf905369cf7b1db40804142c08d03ce6231f3b33862d095032	0c708ffc33fd83bf905369cf7b1db40804142c08d03ce6231f3b33862d095032	yes	yes	phase_def_block_20260710
results_miyabi/phaseD_benchmark_block/email-EuAll/phase_timing.log	raw_data/main_performance/proposed_variants/email-EuAll/_run/job_2357334_20260711/phase_timing.log	result	git mv(内容不変)	532eca9d544cf94be1def98a7b55fc3a615dfe9dfab273d218ef486b66abdeaa	532eca9d544cf94be1def98a7b55fc3a615dfe9dfab273d218ef486b66abdeaa	yes	yes	phase_def_block_20260710
results_miyabi/phaseD_benchmark_block/email-EuAll/results.tsv	raw_data/main_performance/proposed_variants/email-EuAll/_run/job_2357334_20260711/results.tsv	result	git mv(内容不変)	19eaa3b29c9300bc11f974bc0064f02f6ae3ef6b6c771a5fbedbd082c8468576	19eaa3b29c9300bc11f974bc0064f02f6ae3ef6b6c771a5fbedbd082c8468576	yes	yes	phase_def_block_20260710
results_miyabi/phaseD_benchmark_block/email-EuAll/speedup_table.md	result/main_performance/proposed_variants/email-EuAll/speedup_table.md	result	git mv(内容不変)	02f13392a9574a7e71039ca326c3a30b0a3aed5626b009be3333fc561f0ecc5f	02f13392a9574a7e71039ca326c3a30b0a3aed5626b009be3333fc561f0ecc5f	yes	yes	phase_def_block_20260710
results_miyabi/phaseD_benchmark_block/email-EuAll/summary_table.md	result/main_performance/proposed_variants/email-EuAll/summary_table.md	result	git mv(内容不変)	23349619d834670e59cd1050eeafb669d8b27c6e95013c88c9364c03e66fa9ff	23349619d834670e59cd1050eeafb669d8b27c6e95013c88c9364c03e66fa9ff	yes	yes	phase_def_block_20260710
results_miyabi/phaseD_benchmark_block/email-EuAll/summary_table.tsv	result/main_performance/proposed_variants/email-EuAll/summary_table.tsv	result	git mv(内容不変)	66f8a774c27ee5d2c75bcb528627ad64456e9af7601c0904c8d8651c4459cb7e	66f8a774c27ee5d2c75bcb528627ad64456e9af7601c0904c8d8651c4459cb7e	yes	yes	phase_def_block_20260710
results_miyabi/phaseD_benchmark_block/roadNet-CA/benchmark.log	raw_data/main_performance/proposed_variants/roadNet-CA/_run/job_2357334_20260711/benchmark.log	result	git mv(内容不変)	f24b9c2b51ba0733a2f557c41447d6d949645458edab764b40ac85d893dd8cc3	f24b9c2b51ba0733a2f557c41447d6d949645458edab764b40ac85d893dd8cc3	yes	yes	phase_def_block_20260710
results_miyabi/phaseD_benchmark_block/roadNet-CA/correctness.md	result/main_performance/proposed_variants/roadNet-CA/correctness.md	result	git mv(内容不変)	0b6befd903e5ad5fc20e9ff598041c8daaff7f8a96d4f79d988f07c16a5249f0	0b6befd903e5ad5fc20e9ff598041c8daaff7f8a96d4f79d988f07c16a5249f0	yes	yes	phase_def_block_20260710
results_miyabi/phaseD_benchmark_block/roadNet-CA/max_bc.tsv	raw_data/main_performance/proposed_variants/roadNet-CA/_run/job_2357334_20260711/max_bc.tsv	result	git mv(内容不変)	3a84f62771df9545e82b09b944c7b849119c209873fea77154b0aafaae6a21cf	3a84f62771df9545e82b09b944c7b849119c209873fea77154b0aafaae6a21cf	yes	yes	phase_def_block_20260710
results_miyabi/phaseD_benchmark_block/roadNet-CA/phase_timing.log	raw_data/main_performance/proposed_variants/roadNet-CA/_run/job_2357334_20260711/phase_timing.log	result	git mv(内容不変)	a873329f5501ce9ed240f05ee3e208ae38e0402a64313b69a4fb735d1670a21c	a873329f5501ce9ed240f05ee3e208ae38e0402a64313b69a4fb735d1670a21c	yes	yes	phase_def_block_20260710
results_miyabi/phaseD_benchmark_block/roadNet-CA/results.tsv	raw_data/main_performance/proposed_variants/roadNet-CA/_run/job_2357334_20260711/results.tsv	result	git mv(内容不変)	0c4dc2ee0c8d214c884d632ca2b84b153890dc7a49234d2d4f017034cffbc3fd	0c4dc2ee0c8d214c884d632ca2b84b153890dc7a49234d2d4f017034cffbc3fd	yes	yes	phase_def_block_20260710
results_miyabi/phaseD_benchmark_block/roadNet-CA/speedup_table.md	result/main_performance/proposed_variants/roadNet-CA/speedup_table.md	result	git mv(内容不変)	02f13392a9574a7e71039ca326c3a30b0a3aed5626b009be3333fc561f0ecc5f	02f13392a9574a7e71039ca326c3a30b0a3aed5626b009be3333fc561f0ecc5f	yes	yes	phase_def_block_20260710
results_miyabi/phaseD_benchmark_block/roadNet-CA/summary_table.md	result/main_performance/proposed_variants/roadNet-CA/summary_table.md	result	git mv(内容不変)	625a406872e011f5f3e208875f49d3a132765f3dd2a9b931fcc18cce2ba20a43	625a406872e011f5f3e208875f49d3a132765f3dd2a9b931fcc18cce2ba20a43	yes	yes	phase_def_block_20260710
results_miyabi/phaseD_benchmark_block/roadNet-CA/summary_table.tsv	result/main_performance/proposed_variants/roadNet-CA/summary_table.tsv	result	git mv(内容不変)	ddd4bea8714120f8dc7c37d1cfad20de9caef4443952f7416c396bb1aec71673	ddd4bea8714120f8dc7c37d1cfad20de9caef4443952f7416c396bb1aec71673	yes	yes	phase_def_block_20260710
results_miyabi/phaseD_benchmark_block/roadNet-PA/benchmark.log	raw_data/main_performance/proposed_variants/roadNet-PA/_run/job_2357334_20260711/benchmark.log	result	git mv(内容不変)	cd1002bde8a25ddd8084e3e178d3d702c3d513743d8f8815ce1be14418fc454e	cd1002bde8a25ddd8084e3e178d3d702c3d513743d8f8815ce1be14418fc454e	yes	yes	phase_def_block_20260710
results_miyabi/phaseD_benchmark_block/roadNet-PA/correctness.md	result/main_performance/proposed_variants/roadNet-PA/correctness.md	result	git mv(内容不変)	df132437a1456970a77fb111e01b83375e243d42bdead27a178e9ec890afde75	df132437a1456970a77fb111e01b83375e243d42bdead27a178e9ec890afde75	yes	yes	phase_def_block_20260710
results_miyabi/phaseD_benchmark_block/roadNet-PA/max_bc.tsv	raw_data/main_performance/proposed_variants/roadNet-PA/_run/job_2357334_20260711/max_bc.tsv	result	git mv(内容不変)	d737f61df5356a69b79e6c6ff5120f3b39844cc4503dbe4de7cd9962007b39ba	d737f61df5356a69b79e6c6ff5120f3b39844cc4503dbe4de7cd9962007b39ba	yes	yes	phase_def_block_20260710
results_miyabi/phaseD_benchmark_block/roadNet-PA/phase_timing.log	raw_data/main_performance/proposed_variants/roadNet-PA/_run/job_2357334_20260711/phase_timing.log	result	git mv(内容不変)	378d73d3d90c1593fa79b75f94b2449c9e18579fc540151378744320c75ce9a2	378d73d3d90c1593fa79b75f94b2449c9e18579fc540151378744320c75ce9a2	yes	yes	phase_def_block_20260710
results_miyabi/phaseD_benchmark_block/roadNet-PA/results.tsv	raw_data/main_performance/proposed_variants/roadNet-PA/_run/job_2357334_20260711/results.tsv	result	git mv(内容不変)	88e09385c4188359a92252209c0493ceb93cecdefcb616d7526e9e6b8ee32eb2	88e09385c4188359a92252209c0493ceb93cecdefcb616d7526e9e6b8ee32eb2	yes	yes	phase_def_block_20260710
results_miyabi/phaseD_benchmark_block/roadNet-PA/speedup_table.md	result/main_performance/proposed_variants/roadNet-PA/speedup_table.md	result	git mv(内容不変)	02f13392a9574a7e71039ca326c3a30b0a3aed5626b009be3333fc561f0ecc5f	02f13392a9574a7e71039ca326c3a30b0a3aed5626b009be3333fc561f0ecc5f	yes	yes	phase_def_block_20260710
results_miyabi/phaseD_benchmark_block/roadNet-PA/summary_table.md	result/main_performance/proposed_variants/roadNet-PA/summary_table.md	result	git mv(内容不変)	cb25bb349eb9e0c40f6da4afcbdd826f129c9412ec422ff13d4888988aa62f09	cb25bb349eb9e0c40f6da4afcbdd826f129c9412ec422ff13d4888988aa62f09	yes	yes	phase_def_block_20260710
results_miyabi/phaseD_benchmark_block/roadNet-PA/summary_table.tsv	result/main_performance/proposed_variants/roadNet-PA/summary_table.tsv	result	git mv(内容不変)	bdc7b2175924c340c7bc69dfd9ae27b4c739bf3e1dca1609e9e9ced7e597464e	bdc7b2175924c340c7bc69dfd9ae27b4c739bf3e1dca1609e9e9ced7e597464e	yes	yes	phase_def_block_20260710
results_miyabi/phaseD_benchmark_block/roadNet-TX/benchmark.log	raw_data/main_performance/proposed_variants/roadNet-TX/_run/job_2357334_20260711/benchmark.log	result	git mv(内容不変)	27737385bb6c91c5b341fa92a2a0e7dcc21562cb200013b0129d44c8ac2d50a2	27737385bb6c91c5b341fa92a2a0e7dcc21562cb200013b0129d44c8ac2d50a2	yes	yes	phase_def_block_20260710
results_miyabi/phaseD_benchmark_block/roadNet-TX/correctness.md	result/main_performance/proposed_variants/roadNet-TX/correctness.md	result	git mv(内容不変)	55090b0da2ed98a1d4b41705c083bef77e86ac43dc8c66b8b3b0d5fe8a36fc41	55090b0da2ed98a1d4b41705c083bef77e86ac43dc8c66b8b3b0d5fe8a36fc41	yes	yes	phase_def_block_20260710
results_miyabi/phaseD_benchmark_block/roadNet-TX/max_bc.tsv	raw_data/main_performance/proposed_variants/roadNet-TX/_run/job_2357334_20260711/max_bc.tsv	result	git mv(内容不変)	98d785b0a354602e82f550e983aaef696fc9ced2e832f4565afb9cac58131c81	98d785b0a354602e82f550e983aaef696fc9ced2e832f4565afb9cac58131c81	yes	yes	phase_def_block_20260710
results_miyabi/phaseD_benchmark_block/roadNet-TX/phase_timing.log	raw_data/main_performance/proposed_variants/roadNet-TX/_run/job_2357334_20260711/phase_timing.log	result	git mv(内容不変)	955a3d372d046b46eadc4dbce083d5bc0668ac394d28010c9f893fec1990ea3b	955a3d372d046b46eadc4dbce083d5bc0668ac394d28010c9f893fec1990ea3b	yes	yes	phase_def_block_20260710
results_miyabi/phaseD_benchmark_block/roadNet-TX/results.tsv	raw_data/main_performance/proposed_variants/roadNet-TX/_run/job_2357334_20260711/results.tsv	result	git mv(内容不変)	d07218e83497afb4c9a6f2526169154da8852085e562ed573c90839faf0bd4e8	d07218e83497afb4c9a6f2526169154da8852085e562ed573c90839faf0bd4e8	yes	yes	phase_def_block_20260710
results_miyabi/phaseD_benchmark_block/roadNet-TX/speedup_table.md	result/main_performance/proposed_variants/roadNet-TX/speedup_table.md	result	git mv(内容不変)	02f13392a9574a7e71039ca326c3a30b0a3aed5626b009be3333fc561f0ecc5f	02f13392a9574a7e71039ca326c3a30b0a3aed5626b009be3333fc561f0ecc5f	yes	yes	phase_def_block_20260710
results_miyabi/phaseD_benchmark_block/roadNet-TX/summary_table.md	result/main_performance/proposed_variants/roadNet-TX/summary_table.md	result	git mv(内容不変)	af2d722695076cf1804fd3777f3eb820637110d2bd00add2f7d8738bb5c74425	af2d722695076cf1804fd3777f3eb820637110d2bd00add2f7d8738bb5c74425	yes	yes	phase_def_block_20260710
results_miyabi/phaseD_benchmark_block/roadNet-TX/summary_table.tsv	result/main_performance/proposed_variants/roadNet-TX/summary_table.tsv	result	git mv(内容不変)	adf9aff08a2a0ee238bba2a4a9958c669884cfec09ad5cb9beedb683f13df573	adf9aff08a2a0ee238bba2a4a9958c669884cfec09ad5cb9beedb683f13df573	yes	yes	phase_def_block_20260710
(none)	result/main_performance/proposed_vs_pathmerge/README.md	result	Gate B/B2/B2.1新規生成	 	f045a4a34237bcf091c24a479e454eec51cce126b897ce8a7cd2bbe617754142	new	yes	archival_generated	生成: 整理
(none)	result/main_performance/proposed_vs_pathmerge/comparison.tsv	result	Gate B/B2/B2.1新規生成	 	00387c4c89130ad59f79799452fe2548ef9908ee4a4ffe93e1ea6da974d7d8f1	new	yes	archival_generated	生成: 整理
(none)	result/main_performance/seven_implementations/README.md	result	Gate B/B2/B2.1新規生成	 	2a5cc2a223bca543bee35e9374eaea420840c9b63c923ab05e476c8fda58884c	new	partial	archival_generated	生成: 整理
legacy_results_miyabi/result_paper/large/benchmark_no_gpu_opt.log	raw_data/main_performance/seven_implementations/legacy_partial/large/no_gpu_opt/job_notrecorded_legacy/benchmark_no_gpu_opt.log	result	git mv(内容不変)	705211d08c2329306b2fdf654c5a3ea56edc24ec2865f3ca8ca78bb0dc8f3e00	705211d08c2329306b2fdf654c5a3ea56edc24ec2865f3ca8ca78bb0dc8f3e00	yes	partial	oldtree_f05ec52_20260512
legacy_results_miyabi/result_paper/large/correctness_no_gpu_opt.md	result/main_performance/seven_implementations/legacy_partial/large/correctness_no_gpu_opt.md	result	git mv(内容不変)	7a7e279e28b72e3fdffa38949d923f3bc0dc2517b50af1796cd55f3c3ad5dbe3	7a7e279e28b72e3fdffa38949d923f3bc0dc2517b50af1796cd55f3c3ad5dbe3	yes	yes	oldtree_f05ec52_20260512
legacy_results_miyabi/result_paper/large/gpu_opt_and_gpu_opt_pure_chunked/benchmark.log	raw_data/main_performance/seven_implementations/legacy_partial/large/gpu_opt_and_gpu_opt_pure_chunked/job_notrecorded_legacy/benchmark.log	result	git mv(内容不変)	4c1b2571a9cc26c385ae281414ed707a199aff743bb46ba23032fb69966742be	4c1b2571a9cc26c385ae281414ed707a199aff743bb46ba23032fb69966742be	yes	partial	oldtree_f05ec52_20260512
legacy_results_miyabi/result_paper/large/gpu_opt_and_gpu_opt_pure_chunked/correctness.md	result/main_performance/seven_implementations/legacy_partial/large/gpu_opt_and_gpu_opt_pure_chunked/correctness.md	result	git mv(内容不変)	7cadfa4702fcf6f22673dd28e69ce41f56c1f6686cd8656b482bccc1af429d6f	7cadfa4702fcf6f22673dd28e69ce41f56c1f6686cd8656b482bccc1af429d6f	yes	yes	oldtree_f05ec52_20260512
legacy_results_miyabi/result_paper/large/gpu_opt_and_gpu_opt_pure_chunked/max_bc.tsv	raw_data/main_performance/seven_implementations/legacy_partial/large/gpu_opt_and_gpu_opt_pure_chunked/job_notrecorded_legacy/max_bc.tsv	result	git mv(内容不変)	0585999145e3770eb0bacda9606d6579f3bbcf18c6dd6bc80d2a2b76fc94ebe4	0585999145e3770eb0bacda9606d6579f3bbcf18c6dd6bc80d2a2b76fc94ebe4	yes	partial	oldtree_f05ec52_20260512
legacy_results_miyabi/result_paper/large/gpu_opt_and_gpu_opt_pure_chunked/phase_timing.log	raw_data/main_performance/seven_implementations/legacy_partial/large/gpu_opt_and_gpu_opt_pure_chunked/job_notrecorded_legacy/phase_timing.log	result	git mv(内容不変)	76ee7a6cd85c49bf0b2e5701a7a270fde2fd326771f95dbe31cf532a4b6a1afa	76ee7a6cd85c49bf0b2e5701a7a270fde2fd326771f95dbe31cf532a4b6a1afa	yes	partial	oldtree_f05ec52_20260512
legacy_results_miyabi/result_paper/large/gpu_opt_and_gpu_opt_pure_chunked/results.tsv	raw_data/main_performance/seven_implementations/legacy_partial/large/gpu_opt_and_gpu_opt_pure_chunked/job_notrecorded_legacy/results.tsv	result	git mv(内容不変)	398a70b35f20ae1fd414945a3130361a6766fe0d1f233304ff6129b5224f1c0b	398a70b35f20ae1fd414945a3130361a6766fe0d1f233304ff6129b5224f1c0b	yes	partial	oldtree_f05ec52_20260512
legacy_results_miyabi/result_paper/large/gpu_opt_and_gpu_opt_pure_chunked/summary_table.tsv	result/main_performance/seven_implementations/legacy_partial/large/gpu_opt_and_gpu_opt_pure_chunked/summary_table.tsv	result	git mv(内容不変)	b56ba4838cf0a5e89dcd746a70b9a9292d6ed7005f3bdef8a5ba2c89bb112cee	b56ba4838cf0a5e89dcd746a70b9a9292d6ed7005f3bdef8a5ba2c89bb112cee	yes	partial	oldtree_f05ec52_20260512
legacy_results_miyabi/result_paper/large/max_bc_no_gpu_opt.tsv	raw_data/main_performance/seven_implementations/legacy_partial/large/no_gpu_opt/job_notrecorded_legacy/max_bc_no_gpu_opt.tsv	result	git mv(内容不変)	5b469b086fbcc46d1640881f08ce96760736c645b9843bc32831bafb7b37a230	5b469b086fbcc46d1640881f08ce96760736c645b9843bc32831bafb7b37a230	yes	partial	oldtree_f05ec52_20260512
legacy_results_miyabi/result_paper/large/phase_table_no_gpu_opt.md	result/main_performance/seven_implementations/legacy_partial/large/phase_table_no_gpu_opt.md	result	git mv(内容不変)	41276090052e0990198496757b050e64c554a36de50c758756324d5e0972cf50	41276090052e0990198496757b050e64c554a36de50c758756324d5e0972cf50	yes	partial	oldtree_f05ec52_20260512
legacy_results_miyabi/result_paper/large/phase_timing_no_gpu_opt.log	raw_data/main_performance/seven_implementations/legacy_partial/large/no_gpu_opt/job_notrecorded_legacy/phase_timing_no_gpu_opt.log	result	git mv(内容不変)	a45a37a0371aab6433cf957ceca1da134d4f1ca8cb1356b476261cf0aeaaa4e1	a45a37a0371aab6433cf957ceca1da134d4f1ca8cb1356b476261cf0aeaaa4e1	yes	partial	oldtree_f05ec52_20260512
legacy_results_miyabi/result_paper/large/results_no_gpu_opt.tsv	raw_data/main_performance/seven_implementations/legacy_partial/large/no_gpu_opt/job_notrecorded_legacy/results_no_gpu_opt.tsv	result	git mv(内容不変)	e4e42bee784c4ea499f17e38f6f48ed0d6a4a3723e2b235c3263e935dae725e9	e4e42bee784c4ea499f17e38f6f48ed0d6a4a3723e2b235c3263e935dae725e9	yes	partial	oldtree_f05ec52_20260512
legacy_results_miyabi/result_paper/large/summary_table_no_gpu_opt.tsv	result/main_performance/seven_implementations/legacy_partial/large/summary_table_no_gpu_opt.tsv	result	git mv(内容不変)	ede76d9d10925216e2154bad56a9c64e1b7752cd8bce5b2170a070b1723799f9	ede76d9d10925216e2154bad56a9c64e1b7752cd8bce5b2170a070b1723799f9	yes	partial	oldtree_f05ec52_20260512
legacy_results_miyabi/result_paper/medium/benchmark_no_gpu_opt.log	raw_data/main_performance/seven_implementations/legacy_partial/medium/no_gpu_opt/job_notrecorded_legacy/benchmark_no_gpu_opt.log	result	git mv(内容不変)	ccfdc4967ea3c8a3c495266f890e55c32a618a2b4db78de9d7a3aecd78e5751b	ccfdc4967ea3c8a3c495266f890e55c32a618a2b4db78de9d7a3aecd78e5751b	yes	partial	oldtree_f05ec52_20260512
legacy_results_miyabi/result_paper/medium/correctness_no_gpu_opt.md	result/main_performance/seven_implementations/legacy_partial/medium/correctness_no_gpu_opt.md	result	git mv(内容不変)	bc2dfdde7fef77de4a8855f8008df142e36b8a030dbfce3eb332859f460e235d	bc2dfdde7fef77de4a8855f8008df142e36b8a030dbfce3eb332859f460e235d	yes	yes	oldtree_f05ec52_20260512
legacy_results_miyabi/result_paper/medium/gpu_opt_and_gpu_opt_pure_chunked/benchmark.log	raw_data/main_performance/seven_implementations/legacy_partial/medium/gpu_opt_and_gpu_opt_pure_chunked/job_notrecorded_legacy/benchmark.log	result	git mv(内容不変)	dc2efa82cc8af5f74b6e9e3b85f20ef0739069c3a04bba39b8bb18389409f31d	dc2efa82cc8af5f74b6e9e3b85f20ef0739069c3a04bba39b8bb18389409f31d	yes	partial	oldtree_f05ec52_20260512
legacy_results_miyabi/result_paper/medium/gpu_opt_and_gpu_opt_pure_chunked/correctness.md	result/main_performance/seven_implementations/legacy_partial/medium/gpu_opt_and_gpu_opt_pure_chunked/correctness.md	result	git mv(内容不変)	13550c5e3c5aa93f2dd1e91c33cc97f2c6235479d09f70cdca72a5bb8c0bd62d	13550c5e3c5aa93f2dd1e91c33cc97f2c6235479d09f70cdca72a5bb8c0bd62d	yes	yes	oldtree_f05ec52_20260512
legacy_results_miyabi/result_paper/medium/gpu_opt_and_gpu_opt_pure_chunked/max_bc.tsv	raw_data/main_performance/seven_implementations/legacy_partial/medium/gpu_opt_and_gpu_opt_pure_chunked/job_notrecorded_legacy/max_bc.tsv	result	git mv(内容不変)	2fd095a2e635c68ff56d8a50f77291013246647ece80546f12ff0700bf203a45	2fd095a2e635c68ff56d8a50f77291013246647ece80546f12ff0700bf203a45	yes	partial	oldtree_f05ec52_20260512
legacy_results_miyabi/result_paper/medium/gpu_opt_and_gpu_opt_pure_chunked/phase_timing.log	raw_data/main_performance/seven_implementations/legacy_partial/medium/gpu_opt_and_gpu_opt_pure_chunked/job_notrecorded_legacy/phase_timing.log	result	git mv(内容不変)	a6cbc72eb3fec57a4b2365d32aadbc112f39bcefc0a6714fbab4d14e45577a67	a6cbc72eb3fec57a4b2365d32aadbc112f39bcefc0a6714fbab4d14e45577a67	yes	partial	oldtree_f05ec52_20260512
legacy_results_miyabi/result_paper/medium/gpu_opt_and_gpu_opt_pure_chunked/results.tsv	raw_data/main_performance/seven_implementations/legacy_partial/medium/gpu_opt_and_gpu_opt_pure_chunked/job_notrecorded_legacy/results.tsv	result	git mv(内容不変)	320285a68e8c4f966d41ab56a0d35476892a7e344b905de1e458365cacc295dd	320285a68e8c4f966d41ab56a0d35476892a7e344b905de1e458365cacc295dd	yes	partial	oldtree_f05ec52_20260512
legacy_results_miyabi/result_paper/medium/gpu_opt_and_gpu_opt_pure_chunked/speedup_table.md	result/main_performance/seven_implementations/legacy_partial/medium/gpu_opt_and_gpu_opt_pure_chunked/speedup_table.md	result	git mv(内容不変)	02f13392a9574a7e71039ca326c3a30b0a3aed5626b009be3333fc561f0ecc5f	02f13392a9574a7e71039ca326c3a30b0a3aed5626b009be3333fc561f0ecc5f	yes	partial	oldtree_f05ec52_20260512
legacy_results_miyabi/result_paper/medium/gpu_opt_and_gpu_opt_pure_chunked/summary_table.md	result/main_performance/seven_implementations/legacy_partial/medium/gpu_opt_and_gpu_opt_pure_chunked/summary_table.md	result	git mv(内容不変)	b9cb7d4186254d2f92bd3dca2c3d5b62919ea27bc04d81a53920197384674814	b9cb7d4186254d2f92bd3dca2c3d5b62919ea27bc04d81a53920197384674814	yes	partial	oldtree_f05ec52_20260512
legacy_results_miyabi/result_paper/medium/gpu_opt_and_gpu_opt_pure_chunked/summary_table.tsv	result/main_performance/seven_implementations/legacy_partial/medium/gpu_opt_and_gpu_opt_pure_chunked/summary_table.tsv	result	git mv(内容不変)	5743e06fddb919041610a3b6bc11d59662ae75a0a381da1169afb1e70470be93	5743e06fddb919041610a3b6bc11d59662ae75a0a381da1169afb1e70470be93	yes	partial	oldtree_f05ec52_20260512
legacy_results_miyabi/result_paper/medium/max_bc_no_gpu_opt.tsv	raw_data/main_performance/seven_implementations/legacy_partial/medium/no_gpu_opt/job_notrecorded_legacy/max_bc_no_gpu_opt.tsv	result	git mv(内容不変)	43e9d958afd4be30abe16cb3efaf42f01a01f0b0dd11b29e96f04abac2d7f282	43e9d958afd4be30abe16cb3efaf42f01a01f0b0dd11b29e96f04abac2d7f282	yes	partial	oldtree_f05ec52_20260512
legacy_results_miyabi/result_paper/medium/phase_table_no_gpu_opt.md	result/main_performance/seven_implementations/legacy_partial/medium/phase_table_no_gpu_opt.md	result	git mv(内容不変)	d7c5022ca032cf7bdbd2ce712fb59dca7ecf683a8f6a74d7a5ad689bb007cbf4	d7c5022ca032cf7bdbd2ce712fb59dca7ecf683a8f6a74d7a5ad689bb007cbf4	yes	partial	oldtree_f05ec52_20260512
legacy_results_miyabi/result_paper/medium/phase_timing_no_gpu_opt.log	raw_data/main_performance/seven_implementations/legacy_partial/medium/no_gpu_opt/job_notrecorded_legacy/phase_timing_no_gpu_opt.log	result	git mv(内容不変)	afb078daf582da154d215d9868cb74957b1bcdb3a300ebe09b6247dc9808220c	afb078daf582da154d215d9868cb74957b1bcdb3a300ebe09b6247dc9808220c	yes	partial	oldtree_f05ec52_20260512
legacy_results_miyabi/result_paper/medium/results_no_gpu_opt.tsv	raw_data/main_performance/seven_implementations/legacy_partial/medium/no_gpu_opt/job_notrecorded_legacy/results_no_gpu_opt.tsv	result	git mv(内容不変)	9e40cc99011013afdb03a2799df949adb0f6ab23f67e9b1fb9c34db85c18dc36	9e40cc99011013afdb03a2799df949adb0f6ab23f67e9b1fb9c34db85c18dc36	yes	partial	oldtree_f05ec52_20260512
legacy_results_miyabi/result_paper/medium/speedup_table_no_gpu_opt.md	result/main_performance/seven_implementations/legacy_partial/medium/speedup_table_no_gpu_opt.md	result	git mv(内容不変)	9034edb7f22411ba6df1649a7ce7a0ccf012a835a22ab3bfcaedaa156482cee5	9034edb7f22411ba6df1649a7ce7a0ccf012a835a22ab3bfcaedaa156482cee5	yes	partial	oldtree_f05ec52_20260512
legacy_results_miyabi/result_paper/medium/summary_table_no_gpu_opt.md	result/main_performance/seven_implementations/legacy_partial/medium/summary_table_no_gpu_opt.md	result	git mv(内容不変)	133489a8561ccce3b26003d04bea16d9f7d4258035c7d68cd75e9ac3bac0a6d5	133489a8561ccce3b26003d04bea16d9f7d4258035c7d68cd75e9ac3bac0a6d5	yes	partial	oldtree_f05ec52_20260512
legacy_results_miyabi/result_paper/medium/summary_table_no_gpu_opt.tsv	result/main_performance/seven_implementations/legacy_partial/medium/summary_table_no_gpu_opt.tsv	result	git mv(内容不変)	3f9a8de6e31bca446034f3a9fb943a901c475e8101c93ec7c4d217f94b982569	3f9a8de6e31bca446034f3a9fb943a901c475e8101c93ec7c4d217f94b982569	yes	partial	oldtree_f05ec52_20260512
legacy_results_miyabi/result_paper/small/benchmark_no_gpu_opt.log	raw_data/main_performance/seven_implementations/legacy_partial/small/no_gpu_opt/job_notrecorded_legacy/benchmark_no_gpu_opt.log	result	git mv(内容不変)	1b76cbbaa405c739cd9364153da1dcd1770e2792e3b2064422fb4a2d74b2a742	1b76cbbaa405c739cd9364153da1dcd1770e2792e3b2064422fb4a2d74b2a742	yes	partial	oldtree_f05ec52_20260512
legacy_results_miyabi/result_paper/small/gpu_opt_and_gpu_opt_pure_chunked/benchmark.log	raw_data/main_performance/seven_implementations/legacy_partial/small/gpu_opt_and_gpu_opt_pure_chunked/job_notrecorded_legacy/benchmark.log	result	git mv(内容不変)	72fe8d27fd1095bb7fa751867362d0669267ab92a3f21e3249f1f4cc6e76cb5d	72fe8d27fd1095bb7fa751867362d0669267ab92a3f21e3249f1f4cc6e76cb5d	yes	partial	oldtree_f05ec52_20260512
legacy_results_miyabi/result_paper/small/gpu_opt_and_gpu_opt_pure_chunked/correctness.md	result/main_performance/seven_implementations/legacy_partial/small/gpu_opt_and_gpu_opt_pure_chunked/correctness.md	result	git mv(内容不変)	ab47bb2dd867a0f8516a4e246b1ad4f9fb3c4ce4e303d9f2262fb34f95eac682	ab47bb2dd867a0f8516a4e246b1ad4f9fb3c4ce4e303d9f2262fb34f95eac682	yes	yes	oldtree_f05ec52_20260512
legacy_results_miyabi/result_paper/small/gpu_opt_and_gpu_opt_pure_chunked/max_bc.tsv	raw_data/main_performance/seven_implementations/legacy_partial/small/gpu_opt_and_gpu_opt_pure_chunked/job_notrecorded_legacy/max_bc.tsv	result	git mv(内容不変)	705c71e8ff1ea6dec581ca496730d12fed03425200540a243a352ae414e801b9	705c71e8ff1ea6dec581ca496730d12fed03425200540a243a352ae414e801b9	yes	partial	oldtree_f05ec52_20260512
legacy_results_miyabi/result_paper/small/gpu_opt_and_gpu_opt_pure_chunked/phase_timing.log	raw_data/main_performance/seven_implementations/legacy_partial/small/gpu_opt_and_gpu_opt_pure_chunked/job_notrecorded_legacy/phase_timing.log	result	git mv(内容不変)	c2b12d8f5c5611a86d0cfda11c7277ea80d77879e8ef4c733b20d05f300aaf51	c2b12d8f5c5611a86d0cfda11c7277ea80d77879e8ef4c733b20d05f300aaf51	yes	partial	oldtree_f05ec52_20260512
legacy_results_miyabi/result_paper/small/gpu_opt_and_gpu_opt_pure_chunked/results.tsv	raw_data/main_performance/seven_implementations/legacy_partial/small/gpu_opt_and_gpu_opt_pure_chunked/job_notrecorded_legacy/results.tsv	result	git mv(内容不変)	82f5f4e282831db3bd7073df23fb6ac408d2a0dbb9d44bd38a8f2e9c6d42758d	82f5f4e282831db3bd7073df23fb6ac408d2a0dbb9d44bd38a8f2e9c6d42758d	yes	partial	oldtree_f05ec52_20260512
legacy_results_miyabi/result_paper/small/gpu_opt_and_gpu_opt_pure_chunked/speedup_table.md	result/main_performance/seven_implementations/legacy_partial/small/gpu_opt_and_gpu_opt_pure_chunked/speedup_table.md	result	git mv(内容不変)	02f13392a9574a7e71039ca326c3a30b0a3aed5626b009be3333fc561f0ecc5f	02f13392a9574a7e71039ca326c3a30b0a3aed5626b009be3333fc561f0ecc5f	yes	partial	oldtree_f05ec52_20260512
legacy_results_miyabi/result_paper/small/gpu_opt_and_gpu_opt_pure_chunked/summary_table.md	result/main_performance/seven_implementations/legacy_partial/small/gpu_opt_and_gpu_opt_pure_chunked/summary_table.md	result	git mv(内容不変)	90c0d85a469c31dc7adf220ce7577189e21883af1491d0f942c4608c518fedf4	90c0d85a469c31dc7adf220ce7577189e21883af1491d0f942c4608c518fedf4	yes	partial	oldtree_f05ec52_20260512
legacy_results_miyabi/result_paper/small/gpu_opt_and_gpu_opt_pure_chunked/summary_table.tsv	result/main_performance/seven_implementations/legacy_partial/small/gpu_opt_and_gpu_opt_pure_chunked/summary_table.tsv	result	git mv(内容不変)	cc82060290067f89cb3818c1e96e0d0846c9ef5fe48bc517a27ea1edc5f62eea	cc82060290067f89cb3818c1e96e0d0846c9ef5fe48bc517a27ea1edc5f62eea	yes	partial	oldtree_f05ec52_20260512
legacy_results_miyabi/result_paper/small/max_bc_no_gpu_opt.tsv	raw_data/main_performance/seven_implementations/legacy_partial/small/no_gpu_opt/job_notrecorded_legacy/max_bc_no_gpu_opt.tsv	result	git mv(内容不変)	0726b76088b25c065962cb67e1d5300941347eb5b0e6b3c002306a762390b8f8	0726b76088b25c065962cb67e1d5300941347eb5b0e6b3c002306a762390b8f8	yes	partial	oldtree_f05ec52_20260512
legacy_results_miyabi/result_paper/small/phase_timing_no_gpu_opt.log	raw_data/main_performance/seven_implementations/legacy_partial/small/no_gpu_opt/job_notrecorded_legacy/phase_timing_no_gpu_opt.log	result	git mv(内容不変)	6534ca029f7ba5d302d97d8d1f717b9506847603e084cc74b2f8d6220bc83d10	6534ca029f7ba5d302d97d8d1f717b9506847603e084cc74b2f8d6220bc83d10	yes	partial	oldtree_f05ec52_20260512
legacy_results_miyabi/result_paper/small/results_no_gpu_opt.tsv	raw_data/main_performance/seven_implementations/legacy_partial/small/no_gpu_opt/job_notrecorded_legacy/results_no_gpu_opt.tsv	result	git mv(内容不変)	a2cb5b57eafdac516ceb003b47247b981fb60350b144118adc803d28c1b18c74	a2cb5b57eafdac516ceb003b47247b981fb60350b144118adc803d28c1b18c74	yes	partial	oldtree_f05ec52_20260512
legacy_results_miyabi/result_paper/small/statistical_test_no_gpu_opt.md	result/main_performance/seven_implementations/legacy_partial/small/statistical_test_no_gpu_opt.md	result	git mv(内容不変)	e817e24f6e9ad2aeab5c0b0b5c75d2af59eebc74634ec910f4b128ac0d48a102	e817e24f6e9ad2aeab5c0b0b5c75d2af59eebc74634ec910f4b128ac0d48a102	yes	partial	oldtree_f05ec52_20260512
(none)	result/memory_scalability/SOURCE.md	result	Gate B/B2/B2.1新規生成	 	fddfebd2e220960269ed18d6b2fccd9bf36a054e0854d9bbfa8ac5f1f2fad205	new	yes	archival_generated	生成: 整理
legacy_results_miyabi/result_paper/um/oversubscribe_results_gpu_opt.tsv	raw_data/memory_scalability/325557_3216152/gpu_opt/job_notrecorded_20260512/oversubscribe_results_gpu_opt.tsv	result	git mv(内容不変)	aafaef232511b8d76a6cbe124db83ef826c73873bc5780bb85e8066310bf0a7f	aafaef232511b8d76a6cbe124db83ef826c73873bc5780bb85e8066310bf0a7f	yes	yes	oldtree_f05ec52_20260512
legacy_results_miyabi/result_paper/um/oversubscribe_results_gpu_opt_pure.tsv	raw_data/memory_scalability/325557_3216152/gpu_opt_pure/job_notrecorded_20260512/oversubscribe_results_gpu_opt_pure.tsv	result	git mv(内容不変)	216e0b4657f2ea9cec61987efb99f03eaa1b0f51948c796fd0baf39b52873f49	216e0b4657f2ea9cec61987efb99f03eaa1b0f51948c796fd0baf39b52873f49	yes	yes	oldtree_f05ec52_20260512
legacy_results_miyabi/result_paper/um/oversubscribe_results_gpu_opt_pure_chunked.tsv	raw_data/memory_scalability/325557_3216152/gpu_opt_pure_chunked/job_notrecorded_20260512/oversubscribe_results_gpu_opt_pure_chunked.tsv	result	git mv(内容不変)	018f5b1a485663ff41c8d99b07a761d48e5852b519ba84b332dce9a72af0ba1c	018f5b1a485663ff41c8d99b07a761d48e5852b519ba84b332dce9a72af0ba1c	yes	yes	oldtree_f05ec52_20260512
legacy_results_miyabi/result_paper/um/um_experiment_gpu_opt.log	raw_data/memory_scalability/325557_3216152/gpu_opt/job_notrecorded_20260512/um_experiment_gpu_opt.log	result	git mv(内容不変)	3eb63e738ae102781195d71484d285c4d6273967eab14ababefa8d4469c9e802	3eb63e738ae102781195d71484d285c4d6273967eab14ababefa8d4469c9e802	yes	yes	oldtree_f05ec52_20260512
legacy_results_miyabi/result_paper/um/um_experiment_gpu_opt_pure.log	raw_data/memory_scalability/325557_3216152/gpu_opt_pure/job_notrecorded_20260512/um_experiment_gpu_opt_pure.log	result	git mv(内容不変)	2fca7fe6f82379b0c29071d8965bd8fc43412f9d3440f287db1031661d1b28dd	2fca7fe6f82379b0c29071d8965bd8fc43412f9d3440f287db1031661d1b28dd	yes	yes	oldtree_f05ec52_20260512
legacy_results_miyabi/result_paper/um/um_experiment_gpu_opt_pure_chunked.log	raw_data/memory_scalability/325557_3216152/gpu_opt_pure_chunked/job_notrecorded_20260512/um_experiment_gpu_opt_pure_chunked.log	result	git mv(内容不変)	381d1a26948113e2bf429eceb18ff017fa8abc67f4582cb1b48b40233ec43fe1	381d1a26948113e2bf429eceb18ff017fa8abc67f4582cb1b48b40233ec43fe1	yes	yes	oldtree_f05ec52_20260512
(none)	result/phase_breakdown/SOURCE.md	result	Gate B/B2/B2.1新規生成	 	fafeb1da2f862b39d7c56f8cb007804c94043861d87940a292a633e6fba15821	new	partial	archival_generated	生成: 整理
results_miyabi/figures/phase_breakdown.pdf	result/phase_breakdown/phase_breakdown.pdf	result	git mv(内容不変)	9a2c02193d8cc18d9e3fb6784ca0a020a12d19e0833519144d6bccf5358474d7	9a2c02193d8cc18d9e3fb6784ca0a020a12d19e0833519144d6bccf5358474d7	yes	partial	phase_def_block_20260710
(none)	result/profiling/SOURCE.md	result	Gate B/B2/B2.1新規生成	 	06238d7de9b47cd78f1b8eae905c20875c527e09cebeee119842820a1b227329	new	partial	archival_generated	生成: 整理
results_miyabi/profiling/ablation_H1W1A0.console.log	raw_data/profiling/job_2359175_20260711/ablation_H1W1A0.console.log	result	git mv(内容不変)	262c53fb9eee797a167b77e9ff9e66c82f286808ec000cbbb0407bd86aa819f5	262c53fb9eee797a167b77e9ff9e66c82f286808ec000cbbb0407bd86aa819f5	yes	yes	phase_def_block_20260710
results_miyabi/profiling/ablation_H1W1A0.nsys-rep	raw_data/profiling/job_2359175_20260711/ablation_H1W1A0.nsys-rep	result	git mv(内容不変)	5dcf9a443805cb1c16a7fb896addeb40c9c5faeb14bc0b2867dbd08508751641	5dcf9a443805cb1c16a7fb896addeb40c9c5faeb14bc0b2867dbd08508751641	yes	yes	phase_def_block_20260710
results_miyabi/profiling/ablation_H1W1A0.stats.txt	raw_data/profiling/job_2359175_20260711/ablation_H1W1A0.stats.txt	result	git mv(内容不変)	700908a782c3187829ff35673cd66566bfed03744ee1863e3a9a4f35ff074962	700908a782c3187829ff35673cd66566bfed03744ee1863e3a9a4f35ff074962	yes	yes	phase_def_block_20260710
results_miyabi/profiling/ablation_H1W1A1.console.log	raw_data/profiling/job_2359175_20260711/ablation_H1W1A1.console.log	result	git mv(内容不変)	9ba6b4c266d452002db7770f934dce134734802f9a3c3148217ff2f361d1d78b	9ba6b4c266d452002db7770f934dce134734802f9a3c3148217ff2f361d1d78b	yes	yes	phase_def_block_20260710
results_miyabi/profiling/ablation_H1W1A1.nsys-rep	raw_data/profiling/job_2359175_20260711/ablation_H1W1A1.nsys-rep	result	git mv(内容不変)	40844307e6154bac4485af93b4ecb761176b3c5569bb262d6e68fea1af2b72ed	40844307e6154bac4485af93b4ecb761176b3c5569bb262d6e68fea1af2b72ed	yes	yes	phase_def_block_20260710
results_miyabi/profiling/ablation_H1W1A1.stats.txt	raw_data/profiling/job_2359175_20260711/ablation_H1W1A1.stats.txt	result	git mv(内容不変)	21591c276f0f003c48f95e29cc08aaba6174d7a0ad270908663545df884c3ef7	21591c276f0f003c48f95e29cc08aaba6174d7a0ad270908663545df884c3ef7	yes	yes	phase_def_block_20260710
results_miyabi/profiling/bandwidth.log	raw_data/profiling/job_2359175_20260711/bandwidth.log	result	git mv(内容不変)	baf4c915449ca7f65aa079f325142bed1f67e2e00e87752881d327065ff9c80f	baf4c915449ca7f65aa079f325142bed1f67e2e00e87752881d327065ff9c80f	yes	partial	phase_def_block_20260710
results_miyabi/profiling/um_prefetch_gpu_opt.console.log	raw_data/profiling/job_2359175_20260711/um_prefetch_gpu_opt.console.log	result	git mv(内容不変)	81c66d51ea7a603ef21c6500541c2d658caca294b2d6e6e0516be1dbf482823f	81c66d51ea7a603ef21c6500541c2d658caca294b2d6e6e0516be1dbf482823f	yes	partial	phase_def_block_20260710
results_miyabi/profiling/um_prefetch_gpu_opt.nsys-rep	raw_data/profiling/job_2359175_20260711/um_prefetch_gpu_opt.nsys-rep	result	git mv(内容不変)	898185885b9c7ac01776c76570d6966e1f239fb25c65ce0bc904aa94c1e0b60e	898185885b9c7ac01776c76570d6966e1f239fb25c65ce0bc904aa94c1e0b60e	yes	partial	phase_def_block_20260710
results_miyabi/profiling/um_prefetch_gpu_opt.stats.txt	raw_data/profiling/job_2359175_20260711/um_prefetch_gpu_opt.stats.txt	result	git mv(内容不変)	2d992451a3e01c4387d4d351eaa4e33e12fe942f3e38d04f0cde69e0e7e9afb3	2d992451a3e01c4387d4d351eaa4e33e12fe942f3e38d04f0cde69e0e7e9afb3	yes	partial	phase_def_block_20260710
(none)	result/provenance/provenance.md	result	Gate B/B2/B2.1新規生成	 	e3d96c548b171603b45cc78a0b2a162bcf643ad69cb85187c84c2a17f6ed19c4	new	partial	archival_generated	生成: 整理
(none)	result/provenance/um_code_diff_audit.md	result	Gate B/B2/B2.1新規生成	 	85247c838c006059a394abe875f67377bc045d7833fb6b5ca1b3c57c304d8fb1	new	partial	archival_generated	生成: 整理
results_miyabi/final_tables/final_speedup_tables.md	result/tables/final_speedup_tables.md	result	merge_final_tables.py再生成(fail-fast化・推定削除、値不変)	6f83e8f35b5ae383f7348277a8c8e3b0127e5399598e7b1a36684662cbe609e7	504d3c058ae30fc12046a231f9fc58f0ccd4929ebdccb47c110800ee6e95383e	modified	yes	phase_def_block_20260710
(none)	result/tuning/kernel_selection/SOURCE.md	result	Gate B/B2/B2.1新規生成	 	f53de67fb5d98e73e209c79870cf952d248f0d3390d6c4c1f0828d1c04ba6d0a	new	yes	archival_generated	生成: 整理
results_miyabi/kernel_selection/roadNet-PA/kernel_selection.log	raw_data/tuning/kernel_selection/roadNet-PA/gpu_opt_forced/job_2354329_20260710/kernel_selection.log	result	git mv(内容不変)	67078f2a2b153bd2350e0104b3efb20bdb9ab91a8b81212b017f3d3c39321315	67078f2a2b153bd2350e0104b3efb20bdb9ab91a8b81212b017f3d3c39321315	yes	yes	phase_def_block_20260710
results_miyabi/kernel_selection/roadNet-PA/kernel_selection_contributions.tsv	result/tuning/kernel_selection/roadNet-PA/kernel_selection_contributions.tsv	result	Gate B2.1 選択則非依存に再生成(新列)	3b0a1cad2b47bf87a720a49df63e2bf508f1dd579f170b06f4f4468af13c8db8	3bbea03c4893cfe9c21d8e25e73efdbb1cd8a06e594492f2f99d9df2a3e40ea1	modified	yes	phase_def_block_20260710	Gate B2.2 DecimalによるMax BC十進表現保持
results_miyabi/kernel_selection/roadNet-PA/kernel_selection_max_bc.tsv	raw_data/tuning/kernel_selection/roadNet-PA/gpu_opt_forced/job_2354329_20260710/kernel_selection_max_bc.tsv	result	git mv(内容不変)	38adae01a9500af8b23b0d9b73b8758553be2b3ca25e31a0ae8d3aa53fcb2fdc	38adae01a9500af8b23b0d9b73b8758553be2b3ca25e31a0ae8d3aa53fcb2fdc	yes	yes	phase_def_block_20260710
results_miyabi/kernel_selection/roadNet-PA/kernel_selection_results.tsv	raw_data/tuning/kernel_selection/roadNet-PA/gpu_opt_forced/job_2354329_20260710/kernel_selection_results.tsv	result	git mv(内容不変)	4567be8edc0b32339cf32cbc806f68d128650d739b5247e316327f0201c04a22	4567be8edc0b32339cf32cbc806f68d128650d739b5247e316327f0201c04a22	yes	yes	phase_def_block_20260710
results_miyabi/kernel_selection/roadNet-PA/kernel_selection_summary.md	result/tuning/kernel_selection/roadNet-PA/kernel_selection_summary.md	result	Gate B2.1 選択則非依存に再生成	c69a7aedfd94bc777c74421ad94ef66365fb1218b2cf61acc83377b197b46e41	b7ba683df75ef4714c74c43ecc19fa073bdef05f141ba12a395561183504feba	modified	yes	phase_def_block_20260710	Gate B2.2 DecimalによるMax BC十進表現保持(表示桁数変化なし)
results_miyabi/kernel_selection/roadNet-TX/kernel_selection.log	raw_data/tuning/kernel_selection/roadNet-TX/gpu_opt_forced/job_2354330_20260710/kernel_selection.log	result	git mv(内容不変)	0b2b41253446f0d3bbf3aa2113ccf295b9531037639409d6f489ca236f9d85f4	0b2b41253446f0d3bbf3aa2113ccf295b9531037639409d6f489ca236f9d85f4	yes	yes	phase_def_block_20260710
results_miyabi/kernel_selection/roadNet-TX/kernel_selection_contributions.tsv	result/tuning/kernel_selection/roadNet-TX/kernel_selection_contributions.tsv	result	Gate B2.1 選択則非依存に再生成(新列)	9e435cfb3cc7973a808ac0c4f2f2ec3805ceb0d354eb15f21ba2035808fa37c1	09b30e4134ff014fc4d85422b93fbaa1ab4977dc30685abf929fb2947ed77e79	modified	yes	phase_def_block_20260710	Gate B2.2 DecimalによるMax BC十進表現保持
results_miyabi/kernel_selection/roadNet-TX/kernel_selection_max_bc.tsv	raw_data/tuning/kernel_selection/roadNet-TX/gpu_opt_forced/job_2354330_20260710/kernel_selection_max_bc.tsv	result	git mv(内容不変)	13205ab081164737468f0048cfad39def10950b1bc277c02876a6d453bf586d5	13205ab081164737468f0048cfad39def10950b1bc277c02876a6d453bf586d5	yes	yes	phase_def_block_20260710
results_miyabi/kernel_selection/roadNet-TX/kernel_selection_results.tsv	raw_data/tuning/kernel_selection/roadNet-TX/gpu_opt_forced/job_2354330_20260710/kernel_selection_results.tsv	result	git mv(内容不変)	c336a81787c5499f94f64e046457a59781f1673d9737865164955e61dcb10da0	c336a81787c5499f94f64e046457a59781f1673d9737865164955e61dcb10da0	yes	yes	phase_def_block_20260710
results_miyabi/kernel_selection/roadNet-TX/kernel_selection_summary.md	result/tuning/kernel_selection/roadNet-TX/kernel_selection_summary.md	result	Gate B2.1 選択則非依存に再生成	b09c84f332b22309b232bb89d23ef9c0055f542dc0ed6b73528ebbbe6cf8235a	ad88062a78b46049d6c926df2e994378833605614cf557c444a6dc10b66746b1	modified	yes	phase_def_block_20260710	Gate B2.2 DecimalによるMax BC十進表現保持(表示桁数変化なし)
results_miyabi/pathmerge_sweep/325557/SOURCE.md	result/tuning/pathmerge/325557/SOURCE.md	result	git mv(内容不変)	85e97b4d493a61bcaaa6a4d940ae89e8ac952e61acc9c8468eddb482ada86bbd	2ee2309607ecde7fff0a9711144741992ecbe5928f15aa631816d1c19df6bf66	yes	yes	phase_def_block_20260710
results_miyabi/pathmerge_sweep/325557/pathmerge_sweep.log	raw_data/tuning/pathmerge/325557/pathmerge_bc/job_multi_20260710/pathmerge_sweep.log	result	git mv(内容不変)	5caa7fcc9838ccca9a72caef605bc2cf3237b9508af0ec4a2d856f4b51acd11f	5caa7fcc9838ccca9a72caef605bc2cf3237b9508af0ec4a2d856f4b51acd11f	yes	yes	phase_def_block_20260710
results_miyabi/pathmerge_sweep/325557/pathmerge_sweep_results.tsv	raw_data/tuning/pathmerge/325557/pathmerge_bc/job_multi_20260710/pathmerge_sweep_results.tsv	result	git mv(内容不変)	f5a659daecf52fa19ee0bc0c2727f63a59843b9073c5a3c6d6512b405a1b9837	f5a659daecf52fa19ee0bc0c2727f63a59843b9073c5a3c6d6512b405a1b9837	yes	yes	phase_def_block_20260710
(none)	result/tuning/pathmerge/SOURCE.md	result	Gate B/B2/B2.1新規生成	 	9d932fec99b50de82f9584b4a6de1fb165875b9669c661d5c7c44091283b018c	new	yes	archival_generated	生成: 整理
results_miyabi/pathmerge_sweep/email-EuAll/email_smallbatch_trial1.tsv	raw_data/tuning/pathmerge/email-EuAll/pathmerge_bc/job_multi_20260710/email_smallbatch_trial1.tsv	result	git mv(内容不変)	4ac33b396d3c088f68a594ca960531c891253d327a4798807f99f45998e7b15b	4ac33b396d3c088f68a594ca960531c891253d327a4798807f99f45998e7b15b	yes	yes	phase_def_block_20260710
results_miyabi/pathmerge_sweep/email-EuAll/pathmerge_sweep.log	raw_data/tuning/pathmerge/email-EuAll/pathmerge_bc/job_multi_20260710/pathmerge_sweep.log	result	git mv(内容不変)	767c2c0acd11856fc03ffda18139e0602555e2e766eae1e003ece0d7cb77c60a	767c2c0acd11856fc03ffda18139e0602555e2e766eae1e003ece0d7cb77c60a	yes	yes	phase_def_block_20260710
results_miyabi/pathmerge_sweep/email-EuAll/pathmerge_sweep_results.tsv	raw_data/tuning/pathmerge/email-EuAll/pathmerge_bc/job_multi_20260710/pathmerge_sweep_results.tsv	result	git mv(内容不変)	7717836d797e3afb5bb62b77180dc625eea180d9ad83bf3e26d5b40cc33304a5	7717836d797e3afb5bb62b77180dc625eea180d9ad83bf3e26d5b40cc33304a5	yes	yes	phase_def_block_20260710
results_miyabi/pathmerge_sweep/roadNet-CA/SOURCE.md	result/tuning/pathmerge/roadNet-CA/SOURCE.md	result	git mv(内容不変)	6851872b35646a117935d9a64aeba9cce47893481a1a7542d05112fbb04c3f22	bde650e2645d7545eceeda5e69e672dceacf2e1c2a0055a1acb074b753fa8933	yes	yes	phase_def_block_20260710
results_miyabi/pathmerge_sweep/roadNet-CA/pathmerge_sweep_results.tsv	raw_data/tuning/pathmerge/roadNet-CA/pathmerge_bc/job_multi_20260710/pathmerge_sweep_results.tsv	result	git mv(内容不変)	06a6adae0340f762893b81ad10afc5b451edb2dfac1caba8c1a6c0ae231c2792	06a6adae0340f762893b81ad10afc5b451edb2dfac1caba8c1a6c0ae231c2792	yes	yes	phase_def_block_20260710
results_miyabi/pathmerge_sweep/roadNet-PA/SOURCE.md	result/tuning/pathmerge/roadNet-PA/SOURCE.md	result	git mv(内容不変)	ab2383675dde93baaf652c2414e63774e567d5cf8e4234917087d9bb897cda81	540134ccd81866e3d42977492ade371148114553364327acd414aaa85e47f97c	yes	yes	phase_def_block_20260710
results_miyabi/pathmerge_sweep/roadNet-PA/pathmerge_sweep.log	raw_data/tuning/pathmerge/roadNet-PA/pathmerge_bc/job_multi_20260710/pathmerge_sweep.log	result	git mv(内容不変)	59418cba3c0d6e52b8c25a350cb33f37e18795756c7e166bc041553e0f8e6f29	59418cba3c0d6e52b8c25a350cb33f37e18795756c7e166bc041553e0f8e6f29	yes	yes	phase_def_block_20260710
results_miyabi/pathmerge_sweep/roadNet-PA/pathmerge_sweep_results.tsv	raw_data/tuning/pathmerge/roadNet-PA/pathmerge_bc/job_multi_20260710/pathmerge_sweep_results.tsv	result	git mv(内容不変)	2e7c13ce9ff659e1d2128a2ae5f057685898182fb910c7af55937d09914a378f	2e7c13ce9ff659e1d2128a2ae5f057685898182fb910c7af55937d09914a378f	yes	yes	phase_def_block_20260710
results_miyabi/pathmerge_sweep/roadNet-TX/SOURCE.md	result/tuning/pathmerge/roadNet-TX/SOURCE.md	result	git mv(内容不変)	a86af4a89f313aa4869215fc0c41b60c573214d9074da019e7afaf765e542b36	918efa9c0e95c76b477df2a914fd561a4b597a70a7078b3a4ab79e771d146928	yes	yes	phase_def_block_20260710
results_miyabi/pathmerge_sweep/roadNet-TX/pathmerge_sweep_results.tsv	raw_data/tuning/pathmerge/roadNet-TX/pathmerge_bc/job_multi_20260710/pathmerge_sweep_results.tsv	result	git mv(内容不変)	c5e171c1d43186438e8fab2357e491af17df26a735ed2c47144e20dbcd57d43d	c5e171c1d43186438e8fab2357e491af17df26a735ed2c47144e20dbcd57d43d	yes	yes	phase_def_block_20260710
(none)	results_miyabi/README.md	result	Gate B/B2/B2.1新規生成	 	cad03a080960dde3d07b1dc6fe10c69d64ef3be62762423548d46244b380d95c	new	partial	archival_generated	生成: 整理
build_miyabi/result_small_correctness_20260712_181140_2367583.opbs/MANIFEST.txt	raw_data/correctness/small_full_vector/_job/job_2367583_20260712/MANIFEST.txt	result	build_miyabi(未追跡)から小ファイルcopy	ec889c0d98c6da71b5d9a665e3e61fd54da5f833ffb13af2143c27e0677c4a65	ec889c0d98c6da71b5d9a665e3e61fd54da5f833ffb13af2143c27e0677c4a65	yes	yes	small_correctness_20260712	job 2367583.opbs; 原本はEXTERNAL_ARTIFACTS
build_miyabi/result_small_correctness_20260712_181140_2367583.opbs/correctness_summary.tsv	result/correctness/small_full_vector/correctness_summary.tsv	result	build_miyabi(未追跡)から小ファイルcopy	30531c771a6413c8d7821dea119eb51ac997568ca89b8d64d100b7421c3fd200	30531c771a6413c8d7821dea119eb51ac997568ca89b8d64d100b7421c3fd200	yes	yes	small_correctness_20260712	job 2367583.opbs; 原本はEXTERNAL_ARTIFACTS
build_miyabi/result_small_correctness_20260712_181140_2367583.opbs/run.log	raw_data/correctness/small_full_vector/_job/job_2367583_20260712/run.log	result	build_miyabi(未追跡)から小ファイルcopy	448228a5242da2db4fb4e2e4dacf6e87a5028524639319267006035d88caa7e3	448228a5242da2db4fb4e2e4dacf6e87a5028524639319267006035d88caa7e3	yes	yes	small_correctness_20260712	job 2367583.opbs; timing not used for performance
build_miyabi/result_small_correctness_20260712_181140_2367583.opbs/benchmark_7000_41459/comparison.md	result/correctness/small_full_vector/benchmark_7000_41459/comparison.md	result	build_miyabi(未追跡)から小ファイルcopy	45c8e735a0d4c9d7e25c77bd1a018c7379a7f0db7adae675b358da1004723175	45c8e735a0d4c9d7e25c77bd1a018c7379a7f0db7adae675b358da1004723175	yes	yes	small_correctness_20260712	job 2367583.opbs
build_miyabi/result_small_correctness_20260712_181140_2367583.opbs/benchmark_7000_41459/sequential.stderr.log	raw_data/correctness/small_full_vector/benchmark_7000_41459/sequential/seq/job_2367583_20260712/sequential.stderr.log	result	build_miyabi(未追跡)から小ファイルcopy	117af5d6e946777f53ce23276506ae12a8c515eafe4eb3ff7d0b336900031d0d	117af5d6e946777f53ce23276506ae12a8c515eafe4eb3ff7d0b336900031d0d	yes	yes	small_correctness_20260712	job 2367583.opbs
build_miyabi/result_small_correctness_20260712_181140_2367583.opbs/benchmark_7000_41459/gpu_opt.stderr.log	raw_data/correctness/small_full_vector/benchmark_7000_41459/gpu_opt/um_b512/job_2367583_20260712/gpu_opt.stderr.log	result	build_miyabi(未追跡)から小ファイルcopy	55d5a66dfa84523f0307489fdcfc9d034a140594d4d7de9e2d86c0737f4f95f3	55d5a66dfa84523f0307489fdcfc9d034a140594d4d7de9e2d86c0737f4f95f3	yes	yes	small_correctness_20260712	job 2367583.opbs
build_miyabi/result_small_correctness_20260712_181140_2367583.opbs/benchmark_11023_62184/comparison.md	result/correctness/small_full_vector/benchmark_11023_62184/comparison.md	result	build_miyabi(未追跡)から小ファイルcopy	41ad5fadb4d0bc8ffaabf146e7a3ef9d3149bdce6c03b3ee834b362c631f26ed	41ad5fadb4d0bc8ffaabf146e7a3ef9d3149bdce6c03b3ee834b362c631f26ed	yes	yes	small_correctness_20260712	job 2367583.opbs
build_miyabi/result_small_correctness_20260712_181140_2367583.opbs/benchmark_11023_62184/sequential.stderr.log	raw_data/correctness/small_full_vector/benchmark_11023_62184/sequential/seq/job_2367583_20260712/sequential.stderr.log	result	build_miyabi(未追跡)から小ファイルcopy	d7ebec77a0a9d80c8e5c742f25b9bb765a193b9f17dc448d9873061dca15e3e3	d7ebec77a0a9d80c8e5c742f25b9bb765a193b9f17dc448d9873061dca15e3e3	yes	yes	small_correctness_20260712	job 2367583.opbs
build_miyabi/result_small_correctness_20260712_181140_2367583.opbs/benchmark_11023_62184/gpu_opt.stderr.log	raw_data/correctness/small_full_vector/benchmark_11023_62184/gpu_opt/um_b512/job_2367583_20260712/gpu_opt.stderr.log	result	build_miyabi(未追跡)から小ファイルcopy	fd88670b29ec6c5d381b32dd373686f69d5958e79e51081e31bae52dd1631946	fd88670b29ec6c5d381b32dd373686f69d5958e79e51081e31bae52dd1631946	yes	yes	small_correctness_20260712	job 2367583.opbs
build_miyabi/result_small_correctness_20260712_181140_2367583.opbs/chain_200/comparison.md	result/correctness/small_full_vector/chain_200/comparison.md	result	build_miyabi(未追跡)から小ファイルcopy	94f5e6a934387c6b8091d8c81832be931174f68476a1ee6cfb43477f8aecf50a	94f5e6a934387c6b8091d8c81832be931174f68476a1ee6cfb43477f8aecf50a	yes	yes	small_correctness_20260712	job 2367583.opbs
build_miyabi/result_small_correctness_20260712_181140_2367583.opbs/chain_200/sequential.stderr.log	raw_data/correctness/small_full_vector/chain_200/sequential/seq/job_2367583_20260712/sequential.stderr.log	result	build_miyabi(未追跡)から小ファイルcopy	444fdde7a49e404403d6d1c7f717b23bcfefc9a475fbb53f15e12f6e63e4e9a2	444fdde7a49e404403d6d1c7f717b23bcfefc9a475fbb53f15e12f6e63e4e9a2	yes	yes	small_correctness_20260712	job 2367583.opbs
build_miyabi/result_small_correctness_20260712_181140_2367583.opbs/chain_200/gpu_opt.stderr.log	raw_data/correctness/small_full_vector/chain_200/gpu_opt/um_b512/job_2367583_20260712/gpu_opt.stderr.log	result	build_miyabi(未追跡)から小ファイルcopy	0c72a07cbbdc2b40b4fd773b3a63a4a4314e3e1564e5ca2e8ca6e413b6fb7958	0c72a07cbbdc2b40b4fd773b3a63a4a4314e3e1564e5ca2e8ca6e413b6fb7958	yes	yes	small_correctness_20260712	job 2367583.opbs
(none)	result/correctness/small_full_vector/README.md	result	Gate F0新規生成	not_applicable	ed2bef186d484c55947d3e9d16af71a312585661a99e9fc132c19ffc6bf7018b	new	yes	archival_generated	生成: 正確性結果説明
(none)	result/correctness/small_full_vector/SOURCE.md	result	Gate F0新規生成	not_applicable	81c0eb98861ab5cf95064b464652622d5766541f9578af8828083cee5e4da974	new	yes	archival_generated	生成: provenance/reproduction
build_miyabi/result_memory_correctness_20260712_220331_2368587.opbs/FINAL_STATUS.txt	result/correctness/memory_paths/canonical_job_2368587/FINAL_STATUS.txt	result	build_miyabi(未追跡)から小ファイルcopy(Gate H0)	ae72d5a3353663b1c04967510adedabf0cab0bec8c23fb792dedef0a293c5a89	ae72d5a3353663b1c04967510adedabf0cab0bec8c23fb792dedef0a293c5a89	yes	constrained	memory_correctness_20260712	原本はEXTERNAL_ARTIFACTS;canonical job2368587
build_miyabi/result_memory_correctness_20260712_220331_2368587.opbs/MANIFEST.txt	raw_data/correctness/memory_paths/325557_3216152/_job/job_2368587_20260712/MANIFEST.txt	result	build_miyabi(未追跡)から小ファイルcopy(Gate H0)	b2d46123b1278868822071c6aa5da6f20a81f722ba9574cf4ea569c158bec116	b2d46123b1278868822071c6aa5da6f20a81f722ba9574cf4ea569c158bec116	yes	constrained	memory_correctness_20260712	原本はEXTERNAL_ARTIFACTS;canonical job2368587
build_miyabi/result_memory_correctness_20260712_220331_2368587.opbs/comparison_matrix.tsv	result/correctness/memory_paths/canonical_job_2368587/comparison_matrix.tsv	result	build_miyabi(未追跡)から小ファイルcopy(Gate H0)	7af6d85059823b06874f177840c8a0f2a8cc893900e476b412d4b2258b6b4547	7af6d85059823b06874f177840c8a0f2a8cc893900e476b412d4b2258b6b4547	yes	constrained	memory_correctness_20260712	原本はEXTERNAL_ARTIFACTS;canonical job2368587
build_miyabi/result_memory_correctness_20260712_220331_2368587.opbs/execution_summary.tsv	result/correctness/memory_paths/canonical_job_2368587/execution_summary.tsv	result	build_miyabi(未追跡)から小ファイルcopy(Gate H0)	4ad4aeb3eecaa0535561b655cff1fc85bc8470e74bee5de8b25e053b4bacf89e	4ad4aeb3eecaa0535561b655cff1fc85bc8470e74bee5de8b25e053b4bacf89e	yes	constrained	memory_correctness_20260712	原本はEXTERNAL_ARTIFACTS;canonical job2368587
build_miyabi/result_memory_correctness_20260712_220331_2368587.opbs/gpu_opt_b1024.stderr.log	raw_data/correctness/memory_paths/325557_3216152/gpu_opt/um_b1024/job_2368587_20260712/gpu_opt_b1024.stderr.log	result	build_miyabi(未追跡)から小ファイルcopy(Gate H0)	478444561357e58a4c720a72d84b7664b3548682b9ca28e3035cef2ddec17e39	478444561357e58a4c720a72d84b7664b3548682b9ca28e3035cef2ddec17e39	yes	constrained	memory_correctness_20260712	原本はEXTERNAL_ARTIFACTS;canonical job2368587
build_miyabi/result_memory_correctness_20260712_220331_2368587.opbs/gpu_opt_b1024__vs__gpu_opt_pure_b1024.md	result/correctness/memory_paths/canonical_job_2368587/gpu_opt_b1024__vs__gpu_opt_pure_b1024.md	result	build_miyabi(未追跡)から小ファイルcopy(Gate H0)	a5a20db05dbc612d4c4d10cc98df67d367495f7a72a4188aff95f0771854c0f3	a5a20db05dbc612d4c4d10cc98df67d367495f7a72a4188aff95f0771854c0f3	yes	constrained	memory_correctness_20260712	原本はEXTERNAL_ARTIFACTS;canonical job2368587
build_miyabi/result_memory_correctness_20260712_220331_2368587.opbs/gpu_opt_b1024__vs__gpu_opt_pure_chunked_b1024.md	result/correctness/memory_paths/canonical_job_2368587/gpu_opt_b1024__vs__gpu_opt_pure_chunked_b1024.md	result	build_miyabi(未追跡)から小ファイルcopy(Gate H0)	35f082605d35cec549d01073289b87c3e93284de6d3f5d2d61937ef67ab1aa36	35f082605d35cec549d01073289b87c3e93284de6d3f5d2d61937ef67ab1aa36	yes	constrained	memory_correctness_20260712	原本はEXTERNAL_ARTIFACTS;canonical job2368587
build_miyabi/result_memory_correctness_20260712_220331_2368587.opbs/gpu_opt_b9792.stderr.log	raw_data/correctness/memory_paths/325557_3216152/gpu_opt/um_b9792/job_2368587_20260712/gpu_opt_b9792.stderr.log	result	build_miyabi(未追跡)から小ファイルcopy(Gate H0)	63db92bedde167861e251907ed612765d12e92a91eac7247f29dd3993aa1bb72	63db92bedde167861e251907ed612765d12e92a91eac7247f29dd3993aa1bb72	yes	constrained	memory_correctness_20260712	原本はEXTERNAL_ARTIFACTS;canonical job2368587
build_miyabi/result_memory_correctness_20260712_220331_2368587.opbs/gpu_opt_b9792__vs__gpu_opt_b1024.md	result/correctness/memory_paths/canonical_job_2368587/gpu_opt_b9792__vs__gpu_opt_b1024.md	result	build_miyabi(未追跡)から小ファイルcopy(Gate H0)	d80cf9224a2220f773f2c4a5d17e35500b719fce780dc29fd86a92ca23394d9b	d80cf9224a2220f773f2c4a5d17e35500b719fce780dc29fd86a92ca23394d9b	yes	constrained	memory_correctness_20260712	原本はEXTERNAL_ARTIFACTS;canonical job2368587
build_miyabi/result_memory_correctness_20260712_220331_2368587.opbs/gpu_opt_pure_b1024.stderr.log	raw_data/correctness/memory_paths/325557_3216152/gpu_opt_pure/pure_b1024/job_2368587_20260712/gpu_opt_pure_b1024.stderr.log	result	build_miyabi(未追跡)から小ファイルcopy(Gate H0)	655aeb2f1828ab96e75aa08657a45b9cba8cc2f2f75e3a4760712999a1fef967	655aeb2f1828ab96e75aa08657a45b9cba8cc2f2f75e3a4760712999a1fef967	yes	constrained	memory_correctness_20260712	原本はEXTERNAL_ARTIFACTS;canonical job2368587
build_miyabi/result_memory_correctness_20260712_220331_2368587.opbs/gpu_opt_pure_b1024__vs__gpu_opt_pure_chunked_b1024.md	result/correctness/memory_paths/canonical_job_2368587/gpu_opt_pure_b1024__vs__gpu_opt_pure_chunked_b1024.md	result	build_miyabi(未追跡)から小ファイルcopy(Gate H0)	b0f4a582b87623b847191dc7280bda8fefef52bdc9e20356535b30526f826ec6	b0f4a582b87623b847191dc7280bda8fefef52bdc9e20356535b30526f826ec6	yes	constrained	memory_correctness_20260712	原本はEXTERNAL_ARTIFACTS;canonical job2368587
build_miyabi/result_memory_correctness_20260712_220331_2368587.opbs/gpu_opt_pure_chunked_b1024.stderr.log	raw_data/correctness/memory_paths/325557_3216152/gpu_opt_pure_chunked/chunked_b1024/job_2368587_20260712/gpu_opt_pure_chunked_b1024.stderr.log	result	build_miyabi(未追跡)から小ファイルcopy(Gate H0)	ecb4f63f806dc0699fb81267a6c44d98dea100356c646be0e896e2b3e3fd8d0c	ecb4f63f806dc0699fb81267a6c44d98dea100356c646be0e896e2b3e3fd8d0c	yes	constrained	memory_correctness_20260712	原本はEXTERNAL_ARTIFACTS;canonical job2368587
build_miyabi/result_memory_correctness_20260712_220331_2368587.opbs/gpu_opt_pure_chunked_b16384.stderr.log	raw_data/correctness/memory_paths/325557_3216152/gpu_opt_pure_chunked/chunked_b16384/job_2368587_20260712/gpu_opt_pure_chunked_b16384.stderr.log	result	build_miyabi(未追跡)から小ファイルcopy(Gate H0)	22c584a3770fff092fb9bbd679f8c1217d85a7ccc084010e82b46cbeaec8c6cc	22c584a3770fff092fb9bbd679f8c1217d85a7ccc084010e82b46cbeaec8c6cc	yes	constrained	memory_correctness_20260712	原本はEXTERNAL_ARTIFACTS;canonical job2368587
build_miyabi/result_memory_correctness_20260712_220331_2368587.opbs/gpu_opt_pure_chunked_b16384__vs__gpu_opt_pure_chunked_b1024.md	result/correctness/memory_paths/canonical_job_2368587/gpu_opt_pure_chunked_b16384__vs__gpu_opt_pure_chunked_b1024.md	result	build_miyabi(未追跡)から小ファイルcopy(Gate H0)	fbcf89cb73d0c7bd9c7a2418799d65e7bf7fc4aec0f85a62f5582f8335f30a86	fbcf89cb73d0c7bd9c7a2418799d65e7bf7fc4aec0f85a62f5582f8335f30a86	yes	constrained	memory_correctness_20260712	原本はEXTERNAL_ARTIFACTS;canonical job2368587
build_miyabi/result_memory_correctness_20260712_220331_2368587.opbs/pathmerge_b4096.stderr.log	raw_data/correctness/memory_paths/325557_3216152/pathmerge_bc/pathmerge_b4096/job_2368587_20260712/pathmerge_b4096.stderr.log	result	build_miyabi(未追跡)から小ファイルcopy(Gate H0)	bdb2eabc79784bb0f89904f6e6117e153bea252ee95b3f2f968d67d20b2cf8f7	bdb2eabc79784bb0f89904f6e6117e153bea252ee95b3f2f968d67d20b2cf8f7	yes	constrained	memory_correctness_20260712	原本はEXTERNAL_ARTIFACTS;canonical job2368587
build_miyabi/result_memory_correctness_20260712_220331_2368587.opbs/pathmerge_b4096__vs__gpu_opt_b1024.md	result/correctness/memory_paths/canonical_job_2368587/pathmerge_b4096__vs__gpu_opt_b1024.md	result	build_miyabi(未追跡)から小ファイルcopy(Gate H0)	47612eaaacd7030ba88e316825b7a0745542dfce4f8191b45723c5ada3868a91	47612eaaacd7030ba88e316825b7a0745542dfce4f8191b45723c5ada3868a91	yes	constrained	memory_correctness_20260712	原本はEXTERNAL_ARTIFACTS;canonical job2368587
build_miyabi/result_memory_correctness_20260712_220331_2368587.opbs/pathmerge_b4096__vs__gpu_opt_b9792.md	result/correctness/memory_paths/canonical_job_2368587/pathmerge_b4096__vs__gpu_opt_b9792.md	result	build_miyabi(未追跡)から小ファイルcopy(Gate H0)	672c2cb5a8f85030d231f736bf6a5d5f7cb89a0be78c0df19f84503d3bfb26d0	672c2cb5a8f85030d231f736bf6a5d5f7cb89a0be78c0df19f84503d3bfb26d0	yes	constrained	memory_correctness_20260712	原本はEXTERNAL_ARTIFACTS;canonical job2368587
build_miyabi/result_memory_correctness_20260712_220331_2368587.opbs/pathmerge_b4096__vs__gpu_opt_pure_b1024.md	result/correctness/memory_paths/canonical_job_2368587/pathmerge_b4096__vs__gpu_opt_pure_b1024.md	result	build_miyabi(未追跡)から小ファイルcopy(Gate H0)	e86fca2c6e2329a2f0cb3956097d3a7cb677ae400634255acc12b9b940690dec	e86fca2c6e2329a2f0cb3956097d3a7cb677ae400634255acc12b9b940690dec	yes	constrained	memory_correctness_20260712	原本はEXTERNAL_ARTIFACTS;canonical job2368587
build_miyabi/result_memory_correctness_20260712_220331_2368587.opbs/pathmerge_b4096__vs__gpu_opt_pure_chunked_b1024.md	result/correctness/memory_paths/canonical_job_2368587/pathmerge_b4096__vs__gpu_opt_pure_chunked_b1024.md	result	build_miyabi(未追跡)から小ファイルcopy(Gate H0)	61ea4828e5a8558f942e0551e94a7758510a502ff0514af261b4f763d9cf3bdc	61ea4828e5a8558f942e0551e94a7758510a502ff0514af261b4f763d9cf3bdc	yes	constrained	memory_correctness_20260712	原本はEXTERNAL_ARTIFACTS;canonical job2368587
build_miyabi/result_memory_correctness_20260712_220331_2368587.opbs/pathmerge_b4096__vs__gpu_opt_pure_chunked_b16384.md	result/correctness/memory_paths/canonical_job_2368587/pathmerge_b4096__vs__gpu_opt_pure_chunked_b16384.md	result	build_miyabi(未追跡)から小ファイルcopy(Gate H0)	de3e6727b8bda87daff1188ab2f2f4f0e8bdf6c765ebf53b1edcb5c599b42a7c	de3e6727b8bda87daff1188ab2f2f4f0e8bdf6c765ebf53b1edcb5c599b42a7c	yes	constrained	memory_correctness_20260712	原本はEXTERNAL_ARTIFACTS;canonical job2368587
build_miyabi/result_memory_correctness_20260712_220331_2368587.opbs/run.log	raw_data/correctness/memory_paths/325557_3216152/_job/job_2368587_20260712/run.log	result	build_miyabi(未追跡)から小ファイルcopy(Gate H0)	d6f43ac337543af3ef5134f0a03d06bb8c411fafbf9433e374be1818f885577f	d6f43ac337543af3ef5134f0a03d06bb8c411fafbf9433e374be1818f885577f	yes	constrained	memory_correctness_20260712	原本はEXTERNAL_ARTIFACTS;canonical job2368587
build_miyabi/result_memory_diagnostic_20260713_012328_2369632.opbs/CONTROL/stderr.log	raw_data/correctness/memory_paths/325557_3216152/gpu_opt/um_b1024_control/job_2369632_20260713/stderr.log	result	build_miyabi(未追跡)から小ファイルcopy(Gate H0)	c7bcdce2f73f275cab384eb200f7490426dca7eeac6a9d18b478f710008e4bb0	c7bcdce2f73f275cab384eb200f7490426dca7eeac6a9d18b478f710008e4bb0	yes	constrained	memory_diagnostic_20260713	CONTROL stderr;diagnostic job2369632
build_miyabi/result_memory_diagnostic_20260713_012328_2369632.opbs/CONTROL__vs__T-NSEFF.md	result/correctness/memory_paths/diagnostic_job_2369632/CONTROL__vs__T-NSEFF.md	result	build_miyabi(未追跡)から小ファイルcopy(Gate H0)	fe7e8a67fcfd47309578884e8df7ce904d0d80ae1e48c47bb1bc0564370a2fb6	fe7e8a67fcfd47309578884e8df7ce904d0d80ae1e48c47bb1bc0564370a2fb6	yes	constrained	memory_diagnostic_20260713	原本はEXTERNAL_ARTIFACTS;diagnostic job2369632
build_miyabi/result_memory_diagnostic_20260713_012328_2369632.opbs/CONTROL__vs__T-RESET.md	result/correctness/memory_paths/diagnostic_job_2369632/CONTROL__vs__T-RESET.md	result	build_miyabi(未追跡)から小ファイルcopy(Gate H0)	be0ae4e67a534e41090f5294fe67b9c3e671da0d1eee5757c4daedb1767b321a	be0ae4e67a534e41090f5294fe67b9c3e671da0d1eee5757c4daedb1767b321a	yes	constrained	memory_diagnostic_20260713	原本はEXTERNAL_ARTIFACTS;diagnostic job2369632
build_miyabi/result_memory_diagnostic_20260713_012328_2369632.opbs/CONTROL__vs__old_b1024.md	result/correctness/memory_paths/diagnostic_job_2369632/CONTROL__vs__old_b1024.md	result	build_miyabi(未追跡)から小ファイルcopy(Gate H0)	9107cd6ad4bc5bfcc230302185e208ece1c471e894e89d2ac5c31923c9d73df0	9107cd6ad4bc5bfcc230302185e208ece1c471e894e89d2ac5c31923c9d73df0	yes	constrained	memory_diagnostic_20260713	原本はEXTERNAL_ARTIFACTS;diagnostic job2369632
build_miyabi/result_memory_diagnostic_20260713_012328_2369632.opbs/CONTROL__vs__old_b9792.md	result/correctness/memory_paths/diagnostic_job_2369632/CONTROL__vs__old_b9792.md	result	build_miyabi(未追跡)から小ファイルcopy(Gate H0)	dae8bc36469c621b2d95f1a40e0bdc3afc27758e85abd8a48d182da93183b7c5	dae8bc36469c621b2d95f1a40e0bdc3afc27758e85abd8a48d182da93183b7c5	yes	constrained	memory_diagnostic_20260713	原本はEXTERNAL_ARTIFACTS;diagnostic job2369632
build_miyabi/result_memory_diagnostic_20260713_012328_2369632.opbs/FINAL_STATUS.txt	result/correctness/memory_paths/diagnostic_job_2369632/FINAL_STATUS.txt	result	build_miyabi(未追跡)から小ファイルcopy(Gate H0)	aa9785b487b83f3e8fdce967f4de8e9e4e557f458558ccf3a4142e52f87ae544	aa9785b487b83f3e8fdce967f4de8e9e4e557f458558ccf3a4142e52f87ae544	yes	constrained	memory_diagnostic_20260713	原本はEXTERNAL_ARTIFACTS;diagnostic job2369632
build_miyabi/result_memory_diagnostic_20260713_012328_2369632.opbs/MANIFEST.txt	raw_data/correctness/memory_paths/325557_3216152/_job/job_2369632_20260713/MANIFEST.txt	result	build_miyabi(未追跡)から小ファイルcopy(Gate H0)	07f22ae6ca7bb2ce2f1f6399320736c5eab21831bddd038184f566a9b7ede359	07f22ae6ca7bb2ce2f1f6399320736c5eab21831bddd038184f566a9b7ede359	yes	constrained	memory_diagnostic_20260713	原本はEXTERNAL_ARTIFACTS;diagnostic job2369632
build_miyabi/result_memory_diagnostic_20260713_012328_2369632.opbs/T-NSEFF/stderr.log	raw_data/correctness/memory_paths/325557_3216152/gpu_opt/um_b1024_tnseff/job_2369632_20260713/stderr.log	result	build_miyabi(未追跡)から小ファイルcopy(Gate H0)	173200ce2fb78e36e2015f9a369d48fdbb3b36bd6b7dee110365a22ac6ceabc7	173200ce2fb78e36e2015f9a369d48fdbb3b36bd6b7dee110365a22ac6ceabc7	yes	constrained	memory_diagnostic_20260713	T-NSEFF stderr;diagnostic job2369632
build_miyabi/result_memory_diagnostic_20260713_012328_2369632.opbs/T-NSEFF__vs__old_b1024.md	result/correctness/memory_paths/diagnostic_job_2369632/T-NSEFF__vs__old_b1024.md	result	build_miyabi(未追跡)から小ファイルcopy(Gate H0)	68d09903a9d6efa3fcac966f5ebd2b31a2471084b9ee65140f6a4e7dcd75fcda	68d09903a9d6efa3fcac966f5ebd2b31a2471084b9ee65140f6a4e7dcd75fcda	yes	constrained	memory_diagnostic_20260713	原本はEXTERNAL_ARTIFACTS;diagnostic job2369632
build_miyabi/result_memory_diagnostic_20260713_012328_2369632.opbs/T-NSEFF__vs__old_b9792.md	result/correctness/memory_paths/diagnostic_job_2369632/T-NSEFF__vs__old_b9792.md	result	build_miyabi(未追跡)から小ファイルcopy(Gate H0)	ef9f0f7cb78efd6512dbfa39bc1a9f98e85fd7c01862e4aece5d26a2deaaabdb	ef9f0f7cb78efd6512dbfa39bc1a9f98e85fd7c01862e4aece5d26a2deaaabdb	yes	constrained	memory_diagnostic_20260713	原本はEXTERNAL_ARTIFACTS;diagnostic job2369632
build_miyabi/result_memory_diagnostic_20260713_012328_2369632.opbs/T-NSEFF__vs__old_chunk_b16384.md	result/correctness/memory_paths/diagnostic_job_2369632/T-NSEFF__vs__old_chunk_b16384.md	result	build_miyabi(未追跡)から小ファイルcopy(Gate H0)	ed9640b5c41c7deb98c87449661618c8f89d73caa27df1935560e06bd7100f77	ed9640b5c41c7deb98c87449661618c8f89d73caa27df1935560e06bd7100f77	yes	constrained	memory_diagnostic_20260713	原本はEXTERNAL_ARTIFACTS;diagnostic job2369632
build_miyabi/result_memory_diagnostic_20260713_012328_2369632.opbs/T-RESET/stderr.log	raw_data/correctness/memory_paths/325557_3216152/gpu_opt/um_b1024_treset/job_2369632_20260713/stderr.log	result	build_miyabi(未追跡)から小ファイルcopy(Gate H0)	52ac470382d24909bb22f746e6cd6b1f8dcfe7b24e87694167913f36aa217950	52ac470382d24909bb22f746e6cd6b1f8dcfe7b24e87694167913f36aa217950	yes	constrained	memory_diagnostic_20260713	T-RESET stderr;diagnostic job2369632
build_miyabi/result_memory_diagnostic_20260713_012328_2369632.opbs/T-RESET__vs__T-NSEFF.md	result/correctness/memory_paths/diagnostic_job_2369632/T-RESET__vs__T-NSEFF.md	result	build_miyabi(未追跡)から小ファイルcopy(Gate H0)	56f0ee58dd11df743772d28129525e3beaeb4facb2cb1b2a791f402ac443197a	56f0ee58dd11df743772d28129525e3beaeb4facb2cb1b2a791f402ac443197a	yes	constrained	memory_diagnostic_20260713	原本はEXTERNAL_ARTIFACTS;diagnostic job2369632
build_miyabi/result_memory_diagnostic_20260713_012328_2369632.opbs/T-RESET__vs__old_b1024.md	result/correctness/memory_paths/diagnostic_job_2369632/T-RESET__vs__old_b1024.md	result	build_miyabi(未追跡)から小ファイルcopy(Gate H0)	5cfd38d730a801e16d0f8b214d0cc681f2b0c2dca6ebedc67964e94bee614291	5cfd38d730a801e16d0f8b214d0cc681f2b0c2dca6ebedc67964e94bee614291	yes	constrained	memory_diagnostic_20260713	原本はEXTERNAL_ARTIFACTS;diagnostic job2369632
build_miyabi/result_memory_diagnostic_20260713_012328_2369632.opbs/T-RESET__vs__old_b9792.md	result/correctness/memory_paths/diagnostic_job_2369632/T-RESET__vs__old_b9792.md	result	build_miyabi(未追跡)から小ファイルcopy(Gate H0)	bf36ab3b7b256353094a413aa0980d4b9f4614747649aa1543f558d423bc67eb	bf36ab3b7b256353094a413aa0980d4b9f4614747649aa1543f558d423bc67eb	yes	constrained	memory_diagnostic_20260713	原本はEXTERNAL_ARTIFACTS;diagnostic job2369632
build_miyabi/result_memory_diagnostic_20260713_012328_2369632.opbs/affected_vertices.tsv	result/correctness/memory_paths/diagnostic_job_2369632/affected_vertices.tsv	result	build_miyabi(未追跡)から小ファイルcopy(Gate H0)	b24b731667cbda3da68f678d45c886c726bc375c48a945d507a60b71187425b7	b24b731667cbda3da68f678d45c886c726bc375c48a945d507a60b71187425b7	yes	constrained	memory_diagnostic_20260713	原本はEXTERNAL_ARTIFACTS;diagnostic job2369632
build_miyabi/result_memory_diagnostic_20260713_012328_2369632.opbs/comparison_matrix.tsv	result/correctness/memory_paths/diagnostic_job_2369632/comparison_matrix.tsv	result	build_miyabi(未追跡)から小ファイルcopy(Gate H0)	09de40e4054ba4888ff75ec26c9ec8ff9c069bf7145135571b9e6b50ae468b7a	09de40e4054ba4888ff75ec26c9ec8ff9c069bf7145135571b9e6b50ae468b7a	yes	constrained	memory_diagnostic_20260713	原本はEXTERNAL_ARTIFACTS;diagnostic job2369632
build_miyabi/result_memory_diagnostic_20260713_012328_2369632.opbs/execution_summary.tsv	result/correctness/memory_paths/diagnostic_job_2369632/execution_summary.tsv	result	build_miyabi(未追跡)から小ファイルcopy(Gate H0)	5074a2ecd9948bd269b643749cfa17b57326ae780cd7371c5a6f32762ea44ec7	5074a2ecd9948bd269b643749cfa17b57326ae780cd7371c5a6f32762ea44ec7	yes	constrained	memory_diagnostic_20260713	原本はEXTERNAL_ARTIFACTS;diagnostic job2369632
build_miyabi/result_memory_diagnostic_20260713_012328_2369632.opbs/run.log	raw_data/correctness/memory_paths/325557_3216152/_job/job_2369632_20260713/run.log	result	build_miyabi(未追跡)から小ファイルcopy(Gate H0)	36c2999eb107b203bd22feb14004337e06af60861912126f0cb4a698a0b5107f	36c2999eb107b203bd22feb14004337e06af60861912126f0cb4a698a0b5107f	yes	constrained	memory_diagnostic_20260713	原本はEXTERNAL_ARTIFACTS;diagnostic job2369632
build_miyabi/result_memory_diagnostic_20260713_012328_2369632.opbs/DIAGNOSIS.md	result/correctness/memory_paths/diagnostic_job_2369632/DIAGNOSIS.md	result	DIAGNOSIS.md 修復(printf -- で欠落3行復元, Gate H0)	6069217b77a4950e459310d46a619039c671d9cb8e073295bb37d3f3c744d032	e6c74529c33a62334ab57e9da8528f557bb260d9c8a118e54f430c62fd747509	modified	constrained	memory_diagnostic_20260713	実測値不変;欠落3行(non_interference/T-RESET/T-NSEFF mismatch)のみ復元
/home/j17000/.copilot/session-state/9d31382e-b8f5-4205-a801-fd1951fbef51/files/run_to_run_comparison.tsv	result/correctness/memory_paths/analysis/run_to_run_comparison.tsv	result	Gate G2.2/G2.3 ad-hoc分析(未追跡)から整理(Gate H0)	69e05b4dfe777df81a54e895adeb59830b688edc13ecd385b7a28360f5dc211b	69e05b4dfe777df81a54e895adeb59830b688edc13ecd385b7a28360f5dc211b	yes	constrained	memory_diagnostic_20260713	analyze_memory_correctness.pyでraw vectorからbyte-identical再生成可
/home/j17000/.copilot/session-state/9d31382e-b8f5-4205-a801-fd1951fbef51/files/stress_direct_comparison.tsv	result/correctness/memory_paths/analysis/stress_direct_comparison.tsv	result	Gate G2.2/G2.3 ad-hoc分析(未追跡)から整理(Gate H0)	a80d8758e3c40a2fcc6991406476268a13aa3983fd4d2dfffed9d1489ce486a9	a80d8758e3c40a2fcc6991406476268a13aa3983fd4d2dfffed9d1489ce486a9	yes	constrained	memory_diagnostic_20260713	analyze_memory_correctness.pyでraw vectorからbyte-identical再生成可
/home/j17000/.copilot/session-state/9d31382e-b8f5-4205-a801-fd1951fbef51/files/six_vertex_detail.tsv	result/correctness/memory_paths/analysis/six_vertex_detail.tsv	result	Gate G2.2/G2.3 ad-hoc分析(未追跡)から整理(Gate H0)	34b6a285c998139bde633f08a8ee8c55b500f3976d6687507c87f09c9998b7f0	34b6a285c998139bde633f08a8ee8c55b500f3976d6687507c87f09c9998b7f0	yes	constrained	memory_diagnostic_20260713	analyze_memory_correctness.pyでraw vectorからbyte-identical再生成可
/home/j17000/.copilot/session-state/9d31382e-b8f5-4205-a801-fd1951fbef51/files/tolerance_sensitivity.tsv	result/correctness/memory_paths/analysis/tolerance_sensitivity.tsv	result	Gate G2.2/G2.3 ad-hoc分析(未追跡)から整理(Gate H0)	94575469930e1754cda599d0c947cd9fc8b84aadc0b89bf75f48bbb88d946477	94575469930e1754cda599d0c947cd9fc8b84aadc0b89bf75f48bbb88d946477	yes	constrained	memory_diagnostic_20260713	analyze_memory_correctness.pyでraw vectorからbyte-identical再生成可
/home/j17000/.copilot/session-state/9d31382e-b8f5-4205-a801-fd1951fbef51/files/Gate_G2_2_analysis.md	result/correctness/memory_paths/analysis/Gate_G2_2_analysis.md	result	Gate G2.2/G2.3 ad-hoc分析(未追跡)から整理(Gate H0)	2995b55aaa2f0d0793d2faea9d3ac99ba4bdac53ad0772cfb10acf6cfd1afa14	2995b55aaa2f0d0793d2faea9d3ac99ba4bdac53ad0772cfb10acf6cfd1afa14	yes	constrained	memory_diagnostic_20260713	analyze_memory_correctness.pyでraw vectorからbyte-identical再生成可
/home/j17000/.copilot/session-state/9d31382e-b8f5-4205-a801-fd1951fbef51/files/Gate_G2_3_audit.md	result/correctness/memory_paths/analysis/Gate_G2_3_audit.md	result	Gate G2.2/G2.3 ad-hoc分析(未追跡)から整理(Gate H0)	1efb50558c882c2a469b081bc71619f2c6f83c2f7c31f3399cdb693e8da6880f	4b81fc1ca8fcb6281b06a044c00a7d3f5ee4f9d16ab3d9c5a4386003a695d6d2	yes	constrained	memory_diagnostic_20260713	静的コード監査;analyze_memory_correctness.py対象外
build_miyabi/result_memory_correctness_20260712_204001_2368269.opbs/MANIFEST.txt	raw_data/unsuccessful/oom/memory_paths/325557_3216152/_job/job_2368269_20260712/MANIFEST.txt	failure	build_miyabi(未追跡)から小ファイルcopy(Gate H0)	0a0adb3b512995de27a2add7f390f194eaaf29b472929234459c2ee99bd15b69	0a0adb3b512995de27a2add7f390f194eaaf29b472929234459c2ee99bd15b69	yes	no	memory_correctness_oom_20260712	OOM job2368269;原本はEXTERNAL_ARTIFACTS
build_miyabi/result_memory_correctness_20260712_204001_2368269.opbs/correctness_summary.tsv	failure/failed/oom/memory_correctness_2368269/correctness_summary.tsv	failure	build_miyabi(未追跡)から小ファイルcopy(Gate H0)	f81215ae94a45a39bc5a39e3b9ed21e203865d80cb5af936d2052385da680aa7	f81215ae94a45a39bc5a39e3b9ed21e203865d80cb5af936d2052385da680aa7	yes	no	memory_correctness_oom_20260712	OOM job2368269;原本はEXTERNAL_ARTIFACTS
build_miyabi/result_memory_correctness_20260712_204001_2368269.opbs/gpu_opt_b10240.stderr.log	raw_data/unsuccessful/oom/memory_paths/325557_3216152/gpu_opt/um_b10240/job_2368269_20260712/gpu_opt_b10240.stderr.log	failure	build_miyabi(未追跡)から小ファイルcopy(Gate H0)	3b265304753feca4b45f3d35cbacd29b73f2c03bb862b8c3d1eaca9b25fb9f52	3b265304753feca4b45f3d35cbacd29b73f2c03bb862b8c3d1eaca9b25fb9f52	yes	no	memory_correctness_oom_20260712	OOM job2368269;原本はEXTERNAL_ARTIFACTS
build_miyabi/result_memory_correctness_20260712_204001_2368269.opbs/pathmerge_b4096.stderr.log	raw_data/unsuccessful/oom/memory_paths/325557_3216152/pathmerge_bc/pathmerge_b4096/job_2368269_20260712/pathmerge_b4096.stderr.log	failure	build_miyabi(未追跡)から小ファイルcopy(Gate H0)	9d5f5998edf03417c0ba4668770c02d383266ad9dfd3a2c2e8779c00d07bcd8f	9d5f5998edf03417c0ba4668770c02d383266ad9dfd3a2c2e8779c00d07bcd8f	yes	no	memory_correctness_oom_20260712	OOM job2368269;原本はEXTERNAL_ARTIFACTS
build_miyabi/result_memory_correctness_20260712_204001_2368269.opbs/run.log	raw_data/unsuccessful/oom/memory_paths/325557_3216152/_job/job_2368269_20260712/run.log	failure	build_miyabi(未追跡)から小ファイルcopy(Gate H0)	e8c01f06ae621a7315506e871c238c8b96e61bd16434088b4a53229c76c23afd	e8c01f06ae621a7315506e871c238c8b96e61bd16434088b4a53229c76c23afd	yes	no	memory_correctness_oom_20260712	OOM job2368269;原本はEXTERNAL_ARTIFACTS
build_miyabi/result_memory_correctness_20260712_211738_2368398.opbs/MANIFEST.txt	raw_data/unsuccessful/early_terminated/memory_paths/325557_3216152/_job/job_2368398_20260712/MANIFEST.txt	failure	build_miyabi(未追跡)から小ファイルcopy(Gate H0)	58a5f4ad88832d64637a9e52f3fd692c70fe218a0eadabbbec2326035fb169a3	58a5f4ad88832d64637a9e52f3fd692c70fe218a0eadabbbec2326035fb169a3	yes	no	memory_correctness_failfast_20260712	fail-fast job2368398;原本はEXTERNAL_ARTIFACTS
build_miyabi/result_memory_correctness_20260712_211738_2368398.opbs/correctness_summary.tsv	failure/early_terminated/memory_correctness_2368398/correctness_summary.tsv	failure	build_miyabi(未追跡)から小ファイルcopy(Gate H0)	9f8fa59d207b1815b613c1416a5b7437be15deccd09970c48ce8fa2502ae6217	9f8fa59d207b1815b613c1416a5b7437be15deccd09970c48ce8fa2502ae6217	yes	no	memory_correctness_failfast_20260712	fail-fast job2368398;原本はEXTERNAL_ARTIFACTS
build_miyabi/result_memory_correctness_20260712_211738_2368398.opbs/gpu_opt_pure_b1024.stderr.log	raw_data/unsuccessful/early_terminated/memory_paths/325557_3216152/gpu_opt_pure/pure_b1024/job_2368398_20260712/gpu_opt_pure_b1024.stderr.log	failure	build_miyabi(未追跡)から小ファイルcopy(Gate H0)	d8b1242c4934b7f0cbb04c73ed1f1238bfcb5d9b30f31f06439ed05901e03a12	d8b1242c4934b7f0cbb04c73ed1f1238bfcb5d9b30f31f06439ed05901e03a12	yes	no	memory_correctness_failfast_20260712	fail-fast job2368398;原本はEXTERNAL_ARTIFACTS
build_miyabi/result_memory_correctness_20260712_211738_2368398.opbs/gpu_opt_pure_b1024_vs_reference.md	failure/early_terminated/memory_correctness_2368398/gpu_opt_pure_b1024_vs_reference.md	failure	build_miyabi(未追跡)から小ファイルcopy(Gate H0)	c6ffbbcb85bedff451819a70d987b7711f5ea22460c8887b8679d0f3f5910f18	c6ffbbcb85bedff451819a70d987b7711f5ea22460c8887b8679d0f3f5910f18	yes	no	memory_correctness_failfast_20260712	fail-fast job2368398;原本はEXTERNAL_ARTIFACTS
build_miyabi/result_memory_correctness_20260712_211738_2368398.opbs/pathmerge_b4096.stderr.log	raw_data/unsuccessful/early_terminated/memory_paths/325557_3216152/pathmerge_bc/pathmerge_b4096/job_2368398_20260712/pathmerge_b4096.stderr.log	failure	build_miyabi(未追跡)から小ファイルcopy(Gate H0)	7c699d161e2e2cc6c21caa529f7cd158e6c55a94f9a00e2b69c9a7e87a8e0f1b	7c699d161e2e2cc6c21caa529f7cd158e6c55a94f9a00e2b69c9a7e87a8e0f1b	yes	no	memory_correctness_failfast_20260712	fail-fast job2368398;原本はEXTERNAL_ARTIFACTS
build_miyabi/result_memory_correctness_20260712_211738_2368398.opbs/run.log	raw_data/unsuccessful/early_terminated/memory_paths/325557_3216152/_job/job_2368398_20260712/run.log	failure	build_miyabi(未追跡)から小ファイルcopy(Gate H0)	93b9f51f4d06991a03421d47d1e9fc8fcdfe79f1b896d5ef3bd94413fa5c43fe	93b9f51f4d06991a03421d47d1e9fc8fcdfe79f1b896d5ef3bd94413fa5c43fe	yes	no	memory_correctness_failfast_20260712	fail-fast job2368398;原本はEXTERNAL_ARTIFACTS
(none)	result/correctness/memory_paths/README.md	result	Gate H0 新規生成	not_applicable	27ad888f7ba82022b0d93fe3f3cec0ea53fe9f6167ab25a6b085639dd6206019	new	constrained	archival_generated	memory_paths アーカイブ文書
(none)	result/correctness/memory_paths/SOURCE.md	result	Gate H0 新規生成	not_applicable	d756a997e5dcdad056704eb41e0f87c3cfc3bc652901f5c638b181c40693819f	new	constrained	archival_generated	memory_paths アーカイブ文書
(none)	scripts/analyze_memory_correctness.py	scripts	Gate H0 新規生成(再現性スクリプト)	not_applicable	91b13bc11527cc49f0b0270c8e1833a8cf3fcebbaadfee08beb5160772a7719a	new	no	archival_generated	標準ライブラリのみ;analysis TSV/MDをraw vectorから再生成
(none)	scripts/run_memory_correctness_diagnostic.sh	scripts	Gate H0 修正(printf -- 文書生成のみ)	330b486e3c88ea2b67742902447a658d3b48e7db20688da3ae2651650e8d76ed	701e606fa76d62a9a21e52469144879049f31e57de590d1c7654e629887c2e3f	modified	no	archival_generated	計算/判定/許容値/診断スイッチ不変;DIAGNOSIS.md生成のみ修正
