CurrentPath	Classification	Reason	TargetPath	SHA256	UsedInThesis	DerivedConsumers	Action
failure/MANIFEST.tsv	documentation	README/SOURCE/索引/主張文書	failure/MANIFEST.tsv	0208b6181ed34db5eaa91253df048cc13c1b235d449d6cf123c867adbf1c0c8c	no		keep_in_failure
failure/README.md	documentation	README/SOURCE/索引/主張文書	failure/README.md	4110678aaa4fd809696b98d362e4cacc02067a1d44719138a1c6b791b96b7822	no		keep_in_failure
failure/early_terminated/memory_correctness_2368398/MANIFEST.txt	raw	runner/PBS 直接出力 (stdout/stderr/測定TSV/ログ/nsys/job manifest)	raw_data/unsuccessful/early_terminated/memory_paths/325557_3216152/_job/job_2368398_20260712/MANIFEST.txt	58a5f4ad88832d64637a9e52f3fd692c70fe218a0eadabbbec2326035fb169a3	no	failure/MANIFEST.tsv; failure/*/correctness_summary.tsv	move_to_raw_data
failure/early_terminated/memory_correctness_2368398/correctness_summary.tsv	failure_summary	失敗要約 (correctness summary)	failure/early_terminated/memory_correctness_2368398/correctness_summary.tsv	9f8fa59d207b1815b613c1416a5b7437be15deccd09970c48ce8fa2502ae6217	no		keep_in_failure
failure/early_terminated/memory_correctness_2368398/gpu_opt_pure_b1024.stderr.log	raw	runner/PBS 直接出力 (stdout/stderr/測定TSV/ログ/nsys/job manifest)	raw_data/unsuccessful/early_terminated/memory_paths/325557_3216152/gpu_opt_pure/pure_b1024/job_2368398_20260712/gpu_opt_pure_b1024.stderr.log	d8b1242c4934b7f0cbb04c73ed1f1238bfcb5d9b30f31f06439ed05901e03a12	no	failure/MANIFEST.tsv; failure/*/correctness_summary.tsv	move_to_raw_data
failure/early_terminated/memory_correctness_2368398/gpu_opt_pure_b1024_vs_reference.md	failure_summary	比較 Markdown (派生)	failure/early_terminated/memory_correctness_2368398/gpu_opt_pure_b1024_vs_reference.md	c6ffbbcb85bedff451819a70d987b7711f5ea22460c8887b8679d0f3f5910f18	no		keep_in_failure
failure/early_terminated/memory_correctness_2368398/pathmerge_b4096.stderr.log	raw	runner/PBS 直接出力 (stdout/stderr/測定TSV/ログ/nsys/job manifest)	raw_data/unsuccessful/early_terminated/memory_paths/325557_3216152/pathmerge_bc/pathmerge_b4096/job_2368398_20260712/pathmerge_b4096.stderr.log	7c699d161e2e2cc6c21caa529f7cd158e6c55a94f9a00e2b69c9a7e87a8e0f1b	no	failure/MANIFEST.tsv; failure/*/correctness_summary.tsv	move_to_raw_data
failure/early_terminated/memory_correctness_2368398/run.log	raw	runner/PBS 直接出力 (stdout/stderr/測定TSV/ログ/nsys/job manifest)	raw_data/unsuccessful/early_terminated/memory_paths/325557_3216152/_job/job_2368398_20260712/run.log	93b9f51f4d06991a03421d47d1e9fc8fcdfe79f1b896d5ef3bd94413fa5c43fe	no	failure/MANIFEST.tsv; failure/*/correctness_summary.tsv	move_to_raw_data
failure/early_terminated/pathmerge_sweep_2359080_roadNet-PA/pathmerge_sweep.log	raw	runner/PBS 直接出力 (stdout/stderr/測定TSV/ログ/nsys/job manifest)	raw_data/unsuccessful/early_terminated/pathmerge_sweep/roadNet-PA/job_2359080_20260711/pathmerge_sweep.log	59418cba3c0d6e52b8c25a350cb33f37e18795756c7e166bc041553e0f8e6f29	no	failure/MANIFEST.tsv; failure/*/correctness_summary.tsv	move_to_raw_data
failure/early_terminated/pathmerge_sweep_2359080_roadNet-PA/pathmerge_sweep_results.tsv	raw	runner/PBS 直接出力 (stdout/stderr/測定TSV/ログ/nsys/job manifest)	raw_data/unsuccessful/early_terminated/pathmerge_sweep/roadNet-PA/job_2359080_20260711/pathmerge_sweep_results.tsv	b39b2f4f6a8a25a9a3a8a6d23c03166db0a6a1f626d9b429a5dc3a9a8e489760	no	failure/MANIFEST.tsv; failure/*/correctness_summary.tsv	move_to_raw_data
failure/early_terminated/pathmerge_sweep_2359096_email-EuAll/pathmerge_sweep.log	raw	runner/PBS 直接出力 (stdout/stderr/測定TSV/ログ/nsys/job manifest)	raw_data/unsuccessful/early_terminated/pathmerge_sweep/email-EuAll/job_2359096_20260711/pathmerge_sweep.log	44bb21b519df36a7d7a2a92e1f7586e326d085c96326e7daef9baaec0aa84abc	no	failure/MANIFEST.tsv; failure/*/correctness_summary.tsv	move_to_raw_data
failure/early_terminated/pathmerge_sweep_2359096_email-EuAll/pathmerge_sweep_results.tsv	raw	runner/PBS 直接出力 (stdout/stderr/測定TSV/ログ/nsys/job manifest)	raw_data/unsuccessful/early_terminated/pathmerge_sweep/email-EuAll/job_2359096_20260711/pathmerge_sweep_results.tsv	4ac33b396d3c088f68a594ca960531c891253d327a4798807f99f45998e7b15b	no	failure/MANIFEST.tsv; failure/*/correctness_summary.tsv	move_to_raw_data
failure/failed/oom/memory_correctness_2368269/MANIFEST.txt	raw	runner/PBS 直接出力 (stdout/stderr/測定TSV/ログ/nsys/job manifest)	raw_data/unsuccessful/oom/memory_paths/325557_3216152/_job/job_2368269_20260712/MANIFEST.txt	0a0adb3b512995de27a2add7f390f194eaaf29b472929234459c2ee99bd15b69	no	failure/MANIFEST.tsv; failure/*/correctness_summary.tsv	move_to_raw_data
failure/failed/oom/memory_correctness_2368269/correctness_summary.tsv	failure_summary	失敗要約 (correctness summary)	failure/failed/oom/memory_correctness_2368269/correctness_summary.tsv	f81215ae94a45a39bc5a39e3b9ed21e203865d80cb5af936d2052385da680aa7	no		keep_in_failure
failure/failed/oom/memory_correctness_2368269/gpu_opt_b10240.stderr.log	raw	runner/PBS 直接出力 (stdout/stderr/測定TSV/ログ/nsys/job manifest)	raw_data/unsuccessful/oom/memory_paths/325557_3216152/gpu_opt/um_b10240/job_2368269_20260712/gpu_opt_b10240.stderr.log	3b265304753feca4b45f3d35cbacd29b73f2c03bb862b8c3d1eaca9b25fb9f52	no	failure/MANIFEST.tsv; failure/*/correctness_summary.tsv	move_to_raw_data
failure/failed/oom/memory_correctness_2368269/pathmerge_b4096.stderr.log	raw	runner/PBS 直接出力 (stdout/stderr/測定TSV/ログ/nsys/job manifest)	raw_data/unsuccessful/oom/memory_paths/325557_3216152/pathmerge_bc/pathmerge_b4096/job_2368269_20260712/pathmerge_b4096.stderr.log	9d5f5998edf03417c0ba4668770c02d383266ad9dfd3a2c2e8779c00d07bcd8f	no	failure/MANIFEST.tsv; failure/*/correctness_summary.tsv	move_to_raw_data
failure/failed/oom/memory_correctness_2368269/run.log	raw	runner/PBS 直接出力 (stdout/stderr/測定TSV/ログ/nsys/job manifest)	raw_data/unsuccessful/oom/memory_paths/325557_3216152/_job/job_2368269_20260712/run.log	e8c01f06ae621a7315506e871c238c8b96e61bd16434088b4a53229c76c23afd	no	failure/MANIFEST.tsv; failure/*/correctness_summary.tsv	move_to_raw_data
failure/incomplete/ablation_H1W1A1.stats.txt	raw	runner/PBS 直接出力 (stdout/stderr/測定TSV/ログ/nsys/job manifest)	raw_data/unsuccessful/failed/profiling/ablation_H1W1A1_incomplete/job_2359175_20260711/ablation_H1W1A1.stats.txt	ecc82d6e51d065fea8f2219f4a9dd058480f8834630222c5cd099b6ba11d6868	no	result/ablation/*/ablation_summary.md; result/ablation/*/ablation_contributions.tsv	move_to_raw_data
failure/superseded_success/final_speedup_tables_OLD.md	failure_summary	旧世代の superseded 派生表	failure/superseded_success/final_speedup_tables_OLD.md	a28c0dae14102a52409a6e63c5ee0194bd4c9c1b0d5d87ccfab2331cc342f5de	no		keep_in_failure
failure/superseded_success/legacy_shared_tables/large/gpu_opt_and_gpu_opt_pure_chunked/speedup_table.md	derived	解析・集計・比較の後処理生成物	failure/superseded_success/legacy_shared_tables/large/gpu_opt_and_gpu_opt_pure_chunked/speedup_table.md	02f13392a9574a7e71039ca326c3a30b0a3aed5626b009be3333fc561f0ecc5f	no		keep_in_failure
failure/superseded_success/legacy_shared_tables/large/gpu_opt_and_gpu_opt_pure_chunked/summary_table.md	derived	解析・集計・比較の後処理生成物	failure/superseded_success/legacy_shared_tables/large/gpu_opt_and_gpu_opt_pure_chunked/summary_table.md	1f1bc2803db47c50e056acb2b75965355f6da692127a8eb160af1f76c9a5636b	no		keep_in_failure
failure/superseded_success/legacy_shared_tables/large/speedup_table_no_gpu_opt.md	derived	解析・集計・比較の後処理生成物	failure/superseded_success/legacy_shared_tables/large/speedup_table_no_gpu_opt.md	027d203505c3b72c71b0dcf33a504b54a3270df7a9b581555780db0d37845321	no		keep_in_failure
failure/superseded_success/legacy_shared_tables/large/summary_table_no_gpu_opt.md	derived	解析・集計・比較の後処理生成物	failure/superseded_success/legacy_shared_tables/large/summary_table_no_gpu_opt.md	9dec529160a9adc65f8795803be8ac2e7e7edf9ec5b5668ae20d7c9f948ad6c1	no		keep_in_failure
result/CLAIMS.md	documentation	README/SOURCE/索引/主張文書	result/CLAIMS.md	2b715cbf901cd6b76e8a6b5c123c544a18f937f49a64c6151b04b0e092c4b28a	yes		keep_in_result
result/COVERAGE.md	documentation	README/SOURCE/索引/主張文書	result/COVERAGE.md	eef18516902984be4df933d72f74b77e49cf9b426dfe1a153f723d3b471bcb69	yes		keep_in_result
result/EXTERNAL_ARTIFACTS.tsv	documentation	README/SOURCE/索引/主張文書	result/EXTERNAL_ARTIFACTS.tsv	092f72c10ed50de4313f1a5883716bc8a559cbf82cd7c76829fed6d56a72a8a8	yes		keep_in_result
result/MANIFEST.md	documentation	README/SOURCE/索引/主張文書	result/MANIFEST.md	c01268cc13d70fd3c1b4e285e349853e0cc14095e3ee53c7ba64e5ce4565a845	yes		keep_in_result
result/MIGRATION_MAP.tsv	documentation	README/SOURCE/索引/主張文書	result/MIGRATION_MAP.tsv	5ea729eb09c7fa2d3af4847e0ac5376a99e652153619cfb8cb8ca752fc9f29d2	yes		keep_in_result
result/README.md	documentation	README/SOURCE/索引/主張文書	result/README.md	4c33795b70bbef7308ce86174e5e924be9339612bd77c0fbc30d2a165b9fe3f4	yes		keep_in_result
result/TABLES_AND_FIGURES.md	derived	解析・集計・比較の後処理生成物	result/TABLES_AND_FIGURES.md	6f3cf3bf9450b2f375e537a3c70b1fe9ab03c045a7512acbe0ff4a61f137a551	yes		keep_in_result
result/ablation/email_2354999/SOURCE.md	documentation	README/SOURCE/索引/主張文書	result/ablation/email_2354999/SOURCE.md	b1ae560b63f6cb4380e5dee8ce9bf328ea653bd3b4444ee31e012386f9f7bc69	yes		keep_in_result
result/ablation/email_2354999/ablation.log	raw	runner/PBS 直接出力 (stdout/stderr/測定TSV/ログ/nsys/job manifest)	raw_data/ablation/email-EuAll/job_2354999_20260710/ablation.log	80318d132bba03f6fc07e3338cc3e86ac62a038df3bf440535f155306af650a1	yes	result/ablation/*/ablation_summary.md; result/ablation/*/ablation_contributions.tsv	move_to_raw_data
result/ablation/email_2354999/ablation_contributions.tsv	derived	解析・集計・比較の後処理生成物	result/ablation/email_2354999/ablation_contributions.tsv	5974a5d9a15bc6e1ce86d27b75e04b094049aad3b502ed6bf7030c2e35e1d827	yes		keep_in_result
result/ablation/email_2354999/ablation_results.tsv	raw	runner/PBS 直接出力 (stdout/stderr/測定TSV/ログ/nsys/job manifest)	raw_data/ablation/email-EuAll/job_2354999_20260710/ablation_results.tsv	77fd81068e345888b98368e4f88162b4a75780e7f25c6786deb7bd6a62b0c45a	yes	result/ablation/*/ablation_summary.md; result/ablation/*/ablation_contributions.tsv	move_to_raw_data
result/ablation/email_2354999/ablation_summary.md	derived	解析・集計・比較の後処理生成物	result/ablation/email_2354999/ablation_summary.md	027904c07c2ffae60bc5f1b64b81fd33999e3251f2f37b563bea92bf1cd1e2a2	yes		keep_in_result
result/ablation/synthetic_2354994/SOURCE.md	documentation	README/SOURCE/索引/主張文書	result/ablation/synthetic_2354994/SOURCE.md	5df4f29e7b7f208ab9a2d18d0a99359d4ec10669eca720db90814f1a89b9afb9	yes		keep_in_result
result/ablation/synthetic_2354994/ablation.log	raw	runner/PBS 直接出力 (stdout/stderr/測定TSV/ログ/nsys/job manifest)	raw_data/ablation/synthetic/job_2354994_20260710/ablation.log	7e0eaf644f40360e0bd8e613d22945f00a5cf7f5fe919f2c46921391bb5da65a	yes	result/ablation/*/ablation_summary.md; result/ablation/*/ablation_contributions.tsv	move_to_raw_data
result/ablation/synthetic_2354994/ablation_contributions.tsv	derived	解析・集計・比較の後処理生成物	result/ablation/synthetic_2354994/ablation_contributions.tsv	fa9d25b1edd0aae16fb76bb395d46b7a705557f266960cbf13bd7a6d6830c6b7	yes		keep_in_result
result/ablation/synthetic_2354994/ablation_results.tsv	raw	runner/PBS 直接出力 (stdout/stderr/測定TSV/ログ/nsys/job manifest)	raw_data/ablation/synthetic/job_2354994_20260710/ablation_results.tsv	ef0f787086d4dcfb4bba8181aa248ddecef74bda2759d2456af563e5bb5193eb	yes	result/ablation/*/ablation_summary.md; result/ablation/*/ablation_contributions.tsv	move_to_raw_data
result/ablation/synthetic_2354994/ablation_summary.md	derived	解析・集計・比較の後処理生成物	result/ablation/synthetic_2354994/ablation_summary.md	a93f28e5d7500d3be7625c4b430c4e55d36ae037f34bf4c7377ffeb7db40951c	yes		keep_in_result
result/correctness/memory_paths/README.md	documentation	README/SOURCE/索引/主張文書	result/correctness/memory_paths/README.md	1bd5dd2ad725c45be2556d64bd290dfb6139a823f3afbd70fc91f8a3bfe0733a	yes		keep_in_result
result/correctness/memory_paths/SOURCE.md	documentation	README/SOURCE/索引/主張文書	result/correctness/memory_paths/SOURCE.md	6a8bba927dfa647b3c9751ef69a63e79f65ce2fcfdbd86a879b95c2e46803bac	yes		keep_in_result
result/correctness/memory_paths/analysis/Gate_G2_2_analysis.md	derived	解析・集計・比較の後処理生成物	result/correctness/memory_paths/analysis/Gate_G2_2_analysis.md	2995b55aaa2f0d0793d2faea9d3ac99ba4bdac53ad0772cfb10acf6cfd1afa14	yes		keep_in_result
result/correctness/memory_paths/analysis/Gate_G2_3_audit.md	derived	解析・集計・比較の後処理生成物	result/correctness/memory_paths/analysis/Gate_G2_3_audit.md	4b81fc1ca8fcb6281b06a044c00a7d3f5ee4f9d16ab3d9c5a4386003a695d6d2	yes		keep_in_result
result/correctness/memory_paths/analysis/run_to_run_comparison.tsv	derived	解析・集計・比較の後処理生成物	result/correctness/memory_paths/analysis/run_to_run_comparison.tsv	69e05b4dfe777df81a54e895adeb59830b688edc13ecd385b7a28360f5dc211b	yes		keep_in_result
result/correctness/memory_paths/analysis/six_vertex_detail.tsv	derived	解析・集計・比較の後処理生成物	result/correctness/memory_paths/analysis/six_vertex_detail.tsv	34b6a285c998139bde633f08a8ee8c55b500f3976d6687507c87f09c9998b7f0	yes		keep_in_result
result/correctness/memory_paths/analysis/stress_direct_comparison.tsv	derived	解析・集計・比較の後処理生成物	result/correctness/memory_paths/analysis/stress_direct_comparison.tsv	a80d8758e3c40a2fcc6991406476268a13aa3983fd4d2dfffed9d1489ce486a9	yes		keep_in_result
result/correctness/memory_paths/analysis/tolerance_sensitivity.tsv	derived	解析・集計・比較の後処理生成物	result/correctness/memory_paths/analysis/tolerance_sensitivity.tsv	94575469930e1754cda599d0c947cd9fc8b84aadc0b89bf75f48bbb88d946477	yes		keep_in_result
result/correctness/memory_paths/canonical_job_2368587/FINAL_STATUS.txt	derived	解析・集計・比較の後処理生成物	result/correctness/memory_paths/canonical_job_2368587/FINAL_STATUS.txt	ae72d5a3353663b1c04967510adedabf0cab0bec8c23fb792dedef0a293c5a89	yes		keep_in_result
result/correctness/memory_paths/canonical_job_2368587/MANIFEST.txt	raw	runner/PBS 直接出力 (stdout/stderr/測定TSV/ログ/nsys/job manifest)	raw_data/correctness/memory_paths/325557_3216152/_job/job_2368587_20260712/MANIFEST.txt	b2d46123b1278868822071c6aa5da6f20a81f722ba9574cf4ea569c158bec116	yes	result/correctness/memory_paths/*/comparison_matrix.tsv; analysis/*	move_to_raw_data
result/correctness/memory_paths/canonical_job_2368587/comparison_matrix.tsv	derived	解析・集計・比較の後処理生成物	result/correctness/memory_paths/canonical_job_2368587/comparison_matrix.tsv	7af6d85059823b06874f177840c8a0f2a8cc893900e476b412d4b2258b6b4547	yes		keep_in_result
result/correctness/memory_paths/canonical_job_2368587/execution_summary.tsv	derived	解析・集計・比較の後処理生成物	result/correctness/memory_paths/canonical_job_2368587/execution_summary.tsv	4ad4aeb3eecaa0535561b655cff1fc85bc8470e74bee5de8b25e053b4bacf89e	yes		keep_in_result
result/correctness/memory_paths/canonical_job_2368587/gpu_opt_b1024.stderr.log	raw	runner/PBS 直接出力 (stdout/stderr/測定TSV/ログ/nsys/job manifest)	raw_data/correctness/memory_paths/325557_3216152/gpu_opt/um_b1024/job_2368587_20260712/gpu_opt_b1024.stderr.log	478444561357e58a4c720a72d84b7664b3548682b9ca28e3035cef2ddec17e39	yes	result/correctness/memory_paths/*/comparison_matrix.tsv; analysis/*	move_to_raw_data
result/correctness/memory_paths/canonical_job_2368587/gpu_opt_b1024__vs__gpu_opt_pure_b1024.md	derived	比較 Markdown (派生)	result/correctness/memory_paths/canonical_job_2368587/gpu_opt_b1024__vs__gpu_opt_pure_b1024.md	a5a20db05dbc612d4c4d10cc98df67d367495f7a72a4188aff95f0771854c0f3	yes		keep_in_result
result/correctness/memory_paths/canonical_job_2368587/gpu_opt_b1024__vs__gpu_opt_pure_chunked_b1024.md	derived	比較 Markdown (派生)	result/correctness/memory_paths/canonical_job_2368587/gpu_opt_b1024__vs__gpu_opt_pure_chunked_b1024.md	35f082605d35cec549d01073289b87c3e93284de6d3f5d2d61937ef67ab1aa36	yes		keep_in_result
result/correctness/memory_paths/canonical_job_2368587/gpu_opt_b9792.stderr.log	raw	runner/PBS 直接出力 (stdout/stderr/測定TSV/ログ/nsys/job manifest)	raw_data/correctness/memory_paths/325557_3216152/gpu_opt/um_b9792/job_2368587_20260712/gpu_opt_b9792.stderr.log	63db92bedde167861e251907ed612765d12e92a91eac7247f29dd3993aa1bb72	yes	result/correctness/memory_paths/*/comparison_matrix.tsv; analysis/*	move_to_raw_data
result/correctness/memory_paths/canonical_job_2368587/gpu_opt_b9792__vs__gpu_opt_b1024.md	derived	比較 Markdown (派生)	result/correctness/memory_paths/canonical_job_2368587/gpu_opt_b9792__vs__gpu_opt_b1024.md	d80cf9224a2220f773f2c4a5d17e35500b719fce780dc29fd86a92ca23394d9b	yes		keep_in_result
result/correctness/memory_paths/canonical_job_2368587/gpu_opt_pure_b1024.stderr.log	raw	runner/PBS 直接出力 (stdout/stderr/測定TSV/ログ/nsys/job manifest)	raw_data/correctness/memory_paths/325557_3216152/gpu_opt_pure/pure_b1024/job_2368587_20260712/gpu_opt_pure_b1024.stderr.log	655aeb2f1828ab96e75aa08657a45b9cba8cc2f2f75e3a4760712999a1fef967	yes	result/correctness/memory_paths/*/comparison_matrix.tsv; analysis/*	move_to_raw_data
result/correctness/memory_paths/canonical_job_2368587/gpu_opt_pure_b1024__vs__gpu_opt_pure_chunked_b1024.md	derived	比較 Markdown (派生)	result/correctness/memory_paths/canonical_job_2368587/gpu_opt_pure_b1024__vs__gpu_opt_pure_chunked_b1024.md	b0f4a582b87623b847191dc7280bda8fefef52bdc9e20356535b30526f826ec6	yes		keep_in_result
result/correctness/memory_paths/canonical_job_2368587/gpu_opt_pure_chunked_b1024.stderr.log	raw	runner/PBS 直接出力 (stdout/stderr/測定TSV/ログ/nsys/job manifest)	raw_data/correctness/memory_paths/325557_3216152/gpu_opt_pure_chunked/chunked_b1024/job_2368587_20260712/gpu_opt_pure_chunked_b1024.stderr.log	ecb4f63f806dc0699fb81267a6c44d98dea100356c646be0e896e2b3e3fd8d0c	yes	result/correctness/memory_paths/*/comparison_matrix.tsv; analysis/*	move_to_raw_data
result/correctness/memory_paths/canonical_job_2368587/gpu_opt_pure_chunked_b16384.stderr.log	raw	runner/PBS 直接出力 (stdout/stderr/測定TSV/ログ/nsys/job manifest)	raw_data/correctness/memory_paths/325557_3216152/gpu_opt_pure_chunked/chunked_b16384/job_2368587_20260712/gpu_opt_pure_chunked_b16384.stderr.log	22c584a3770fff092fb9bbd679f8c1217d85a7ccc084010e82b46cbeaec8c6cc	yes	result/correctness/memory_paths/*/comparison_matrix.tsv; analysis/*	move_to_raw_data
result/correctness/memory_paths/canonical_job_2368587/gpu_opt_pure_chunked_b16384__vs__gpu_opt_pure_chunked_b1024.md	derived	比較 Markdown (派生)	result/correctness/memory_paths/canonical_job_2368587/gpu_opt_pure_chunked_b16384__vs__gpu_opt_pure_chunked_b1024.md	fbcf89cb73d0c7bd9c7a2418799d65e7bf7fc4aec0f85a62f5582f8335f30a86	yes		keep_in_result
result/correctness/memory_paths/canonical_job_2368587/pathmerge_b4096.stderr.log	raw	runner/PBS 直接出力 (stdout/stderr/測定TSV/ログ/nsys/job manifest)	raw_data/correctness/memory_paths/325557_3216152/pathmerge_bc/pathmerge_b4096/job_2368587_20260712/pathmerge_b4096.stderr.log	bdb2eabc79784bb0f89904f6e6117e153bea252ee95b3f2f968d67d20b2cf8f7	yes	result/correctness/memory_paths/*/comparison_matrix.tsv; analysis/*	move_to_raw_data
result/correctness/memory_paths/canonical_job_2368587/pathmerge_b4096__vs__gpu_opt_b1024.md	derived	比較 Markdown (派生)	result/correctness/memory_paths/canonical_job_2368587/pathmerge_b4096__vs__gpu_opt_b1024.md	47612eaaacd7030ba88e316825b7a0745542dfce4f8191b45723c5ada3868a91	yes		keep_in_result
result/correctness/memory_paths/canonical_job_2368587/pathmerge_b4096__vs__gpu_opt_b9792.md	derived	比較 Markdown (派生)	result/correctness/memory_paths/canonical_job_2368587/pathmerge_b4096__vs__gpu_opt_b9792.md	672c2cb5a8f85030d231f736bf6a5d5f7cb89a0be78c0df19f84503d3bfb26d0	yes		keep_in_result
result/correctness/memory_paths/canonical_job_2368587/pathmerge_b4096__vs__gpu_opt_pure_b1024.md	derived	比較 Markdown (派生)	result/correctness/memory_paths/canonical_job_2368587/pathmerge_b4096__vs__gpu_opt_pure_b1024.md	e86fca2c6e2329a2f0cb3956097d3a7cb677ae400634255acc12b9b940690dec	yes		keep_in_result
result/correctness/memory_paths/canonical_job_2368587/pathmerge_b4096__vs__gpu_opt_pure_chunked_b1024.md	derived	比較 Markdown (派生)	result/correctness/memory_paths/canonical_job_2368587/pathmerge_b4096__vs__gpu_opt_pure_chunked_b1024.md	61ea4828e5a8558f942e0551e94a7758510a502ff0514af261b4f763d9cf3bdc	yes		keep_in_result
result/correctness/memory_paths/canonical_job_2368587/pathmerge_b4096__vs__gpu_opt_pure_chunked_b16384.md	derived	比較 Markdown (派生)	result/correctness/memory_paths/canonical_job_2368587/pathmerge_b4096__vs__gpu_opt_pure_chunked_b16384.md	de3e6727b8bda87daff1188ab2f2f4f0e8bdf6c765ebf53b1edcb5c599b42a7c	yes		keep_in_result
result/correctness/memory_paths/canonical_job_2368587/run.log	raw	runner/PBS 直接出力 (stdout/stderr/測定TSV/ログ/nsys/job manifest)	raw_data/correctness/memory_paths/325557_3216152/_job/job_2368587_20260712/run.log	d6f43ac337543af3ef5134f0a03d06bb8c411fafbf9433e374be1818f885577f	yes	result/correctness/memory_paths/*/comparison_matrix.tsv; analysis/*	move_to_raw_data
result/correctness/memory_paths/diagnostic_job_2369632/CONTROL/stderr.log	raw	runner/PBS 直接出力 (stdout/stderr/測定TSV/ログ/nsys/job manifest)	raw_data/correctness/memory_paths/325557_3216152/gpu_opt/um_b1024_control/job_2369632_20260713/stderr.log	c7bcdce2f73f275cab384eb200f7490426dca7eeac6a9d18b478f710008e4bb0	yes	result/correctness/memory_paths/*/comparison_matrix.tsv; analysis/*	move_to_raw_data
result/correctness/memory_paths/diagnostic_job_2369632/CONTROL__vs__T-NSEFF.md	derived	比較 Markdown (派生)	result/correctness/memory_paths/diagnostic_job_2369632/CONTROL__vs__T-NSEFF.md	fe7e8a67fcfd47309578884e8df7ce904d0d80ae1e48c47bb1bc0564370a2fb6	yes		keep_in_result
result/correctness/memory_paths/diagnostic_job_2369632/CONTROL__vs__T-RESET.md	derived	比較 Markdown (派生)	result/correctness/memory_paths/diagnostic_job_2369632/CONTROL__vs__T-RESET.md	be0ae4e67a534e41090f5294fe67b9c3e671da0d1eee5757c4daedb1767b321a	yes		keep_in_result
result/correctness/memory_paths/diagnostic_job_2369632/CONTROL__vs__old_b1024.md	derived	比較 Markdown (派生)	result/correctness/memory_paths/diagnostic_job_2369632/CONTROL__vs__old_b1024.md	9107cd6ad4bc5bfcc230302185e208ece1c471e894e89d2ac5c31923c9d73df0	yes		keep_in_result
result/correctness/memory_paths/diagnostic_job_2369632/CONTROL__vs__old_b9792.md	derived	比較 Markdown (派生)	result/correctness/memory_paths/diagnostic_job_2369632/CONTROL__vs__old_b9792.md	dae8bc36469c621b2d95f1a40e0bdc3afc27758e85abd8a48d182da93183b7c5	yes		keep_in_result
result/correctness/memory_paths/diagnostic_job_2369632/DIAGNOSIS.md	derived	解析・集計・比較の後処理生成物	result/correctness/memory_paths/diagnostic_job_2369632/DIAGNOSIS.md	e6c74529c33a62334ab57e9da8528f557bb260d9c8a118e54f430c62fd747509	yes		keep_in_result
result/correctness/memory_paths/diagnostic_job_2369632/FINAL_STATUS.txt	derived	解析・集計・比較の後処理生成物	result/correctness/memory_paths/diagnostic_job_2369632/FINAL_STATUS.txt	aa9785b487b83f3e8fdce967f4de8e9e4e557f458558ccf3a4142e52f87ae544	yes		keep_in_result
result/correctness/memory_paths/diagnostic_job_2369632/MANIFEST.txt	raw	runner/PBS 直接出力 (stdout/stderr/測定TSV/ログ/nsys/job manifest)	raw_data/correctness/memory_paths/325557_3216152/_job/job_2369632_20260713/MANIFEST.txt	07f22ae6ca7bb2ce2f1f6399320736c5eab21831bddd038184f566a9b7ede359	yes	result/correctness/memory_paths/*/comparison_matrix.tsv; analysis/*	move_to_raw_data
result/correctness/memory_paths/diagnostic_job_2369632/T-NSEFF/stderr.log	raw	runner/PBS 直接出力 (stdout/stderr/測定TSV/ログ/nsys/job manifest)	raw_data/correctness/memory_paths/325557_3216152/gpu_opt/um_b1024_tnseff/job_2369632_20260713/stderr.log	173200ce2fb78e36e2015f9a369d48fdbb3b36bd6b7dee110365a22ac6ceabc7	yes	result/correctness/memory_paths/*/comparison_matrix.tsv; analysis/*	move_to_raw_data
result/correctness/memory_paths/diagnostic_job_2369632/T-NSEFF__vs__old_b1024.md	derived	比較 Markdown (派生)	result/correctness/memory_paths/diagnostic_job_2369632/T-NSEFF__vs__old_b1024.md	68d09903a9d6efa3fcac966f5ebd2b31a2471084b9ee65140f6a4e7dcd75fcda	yes		keep_in_result
result/correctness/memory_paths/diagnostic_job_2369632/T-NSEFF__vs__old_b9792.md	derived	比較 Markdown (派生)	result/correctness/memory_paths/diagnostic_job_2369632/T-NSEFF__vs__old_b9792.md	ef9f0f7cb78efd6512dbfa39bc1a9f98e85fd7c01862e4aece5d26a2deaaabdb	yes		keep_in_result
result/correctness/memory_paths/diagnostic_job_2369632/T-NSEFF__vs__old_chunk_b16384.md	derived	比較 Markdown (派生)	result/correctness/memory_paths/diagnostic_job_2369632/T-NSEFF__vs__old_chunk_b16384.md	ed9640b5c41c7deb98c87449661618c8f89d73caa27df1935560e06bd7100f77	yes		keep_in_result
result/correctness/memory_paths/diagnostic_job_2369632/T-RESET/stderr.log	raw	runner/PBS 直接出力 (stdout/stderr/測定TSV/ログ/nsys/job manifest)	raw_data/correctness/memory_paths/325557_3216152/gpu_opt/um_b1024_treset/job_2369632_20260713/stderr.log	52ac470382d24909bb22f746e6cd6b1f8dcfe7b24e87694167913f36aa217950	yes	result/correctness/memory_paths/*/comparison_matrix.tsv; analysis/*	move_to_raw_data
result/correctness/memory_paths/diagnostic_job_2369632/T-RESET__vs__T-NSEFF.md	derived	比較 Markdown (派生)	result/correctness/memory_paths/diagnostic_job_2369632/T-RESET__vs__T-NSEFF.md	56f0ee58dd11df743772d28129525e3beaeb4facb2cb1b2a791f402ac443197a	yes		keep_in_result
result/correctness/memory_paths/diagnostic_job_2369632/T-RESET__vs__old_b1024.md	derived	比較 Markdown (派生)	result/correctness/memory_paths/diagnostic_job_2369632/T-RESET__vs__old_b1024.md	5cfd38d730a801e16d0f8b214d0cc681f2b0c2dca6ebedc67964e94bee614291	yes		keep_in_result
result/correctness/memory_paths/diagnostic_job_2369632/T-RESET__vs__old_b9792.md	derived	比較 Markdown (派生)	result/correctness/memory_paths/diagnostic_job_2369632/T-RESET__vs__old_b9792.md	bf36ab3b7b256353094a413aa0980d4b9f4614747649aa1543f558d423bc67eb	yes		keep_in_result
result/correctness/memory_paths/diagnostic_job_2369632/affected_vertices.tsv	derived	解析・集計・比較の後処理生成物	result/correctness/memory_paths/diagnostic_job_2369632/affected_vertices.tsv	b24b731667cbda3da68f678d45c886c726bc375c48a945d507a60b71187425b7	yes		keep_in_result
result/correctness/memory_paths/diagnostic_job_2369632/comparison_matrix.tsv	derived	解析・集計・比較の後処理生成物	result/correctness/memory_paths/diagnostic_job_2369632/comparison_matrix.tsv	09de40e4054ba4888ff75ec26c9ec8ff9c069bf7145135571b9e6b50ae468b7a	yes		keep_in_result
result/correctness/memory_paths/diagnostic_job_2369632/execution_summary.tsv	derived	解析・集計・比較の後処理生成物	result/correctness/memory_paths/diagnostic_job_2369632/execution_summary.tsv	5074a2ecd9948bd269b643749cfa17b57326ae780cd7371c5a6f32762ea44ec7	yes		keep_in_result
result/correctness/memory_paths/diagnostic_job_2369632/run.log	raw	runner/PBS 直接出力 (stdout/stderr/測定TSV/ログ/nsys/job manifest)	raw_data/correctness/memory_paths/325557_3216152/_job/job_2369632_20260713/run.log	36c2999eb107b203bd22feb14004337e06af60861912126f0cb4a698a0b5107f	yes	result/correctness/memory_paths/*/comparison_matrix.tsv; analysis/*	move_to_raw_data
result/correctness/pathmerge_tuned/README.md	documentation	README/SOURCE/索引/主張文書	result/correctness/pathmerge_tuned/README.md	4404c58ef4177b9d407ce7a022e1161dcdbade93452156ff79b4d5854f3dba0f	yes		keep_in_result
result/correctness/pathmerge_tuned/SOURCE.md	documentation	README/SOURCE/索引/主張文書	result/correctness/pathmerge_tuned/SOURCE.md	7b7946a6edb75fec3c7c6656d46a59323b72b5550e2880777968b18c410db518	yes		keep_in_result
result/correctness/pathmerge_tuned/email-EuAll_b64_vs_b2048.md	derived	比較 Markdown (派生)	result/correctness/pathmerge_tuned/email-EuAll_b64_vs_b2048.md	8ee07f553a4cd737faaba6733f67a593e846a23b120889304bccc4385c0552f5	yes		keep_in_result
result/correctness/pathmerge_tuned/roadNet-CA_b32_vs_b64.md	derived	比較 Markdown (派生)	result/correctness/pathmerge_tuned/roadNet-CA_b32_vs_b64.md	0efde39b94c08f528a160c0380d1860fe7beecc797f37c898c7f65e670c5b1e6	yes		keep_in_result
result/correctness/small_full_vector/MANIFEST.txt	raw	runner/PBS 直接出力 (stdout/stderr/測定TSV/ログ/nsys/job manifest)	raw_data/correctness/small_full_vector/_job/job_2367583_20260712/MANIFEST.txt	ec889c0d98c6da71b5d9a665e3e61fd54da5f833ffb13af2143c27e0677c4a65	yes	result/correctness/small_full_vector/*/comparison.md; correctness_summary.tsv	move_to_raw_data
result/correctness/small_full_vector/README.md	documentation	README/SOURCE/索引/主張文書	result/correctness/small_full_vector/README.md	ed2bef186d484c55947d3e9d16af71a312585661a99e9fc132c19ffc6bf7018b	yes		keep_in_result
result/correctness/small_full_vector/SOURCE.md	documentation	README/SOURCE/索引/主張文書	result/correctness/small_full_vector/SOURCE.md	a9f8dae0f516d00011f51fe2395131c7bd0b6213f49a3e852a936102d5b56e26	yes		keep_in_result
result/correctness/small_full_vector/benchmark_11023_62184/comparison.md	derived	解析・集計・比較の後処理生成物	result/correctness/small_full_vector/benchmark_11023_62184/comparison.md	41ad5fadb4d0bc8ffaabf146e7a3ef9d3149bdce6c03b3ee834b362c631f26ed	yes		keep_in_result
result/correctness/small_full_vector/benchmark_11023_62184/gpu_opt.stderr.log	raw	runner/PBS 直接出力 (stdout/stderr/測定TSV/ログ/nsys/job manifest)	raw_data/correctness/small_full_vector/benchmark_11023_62184/gpu_opt/um_b512/job_2367583_20260712/gpu_opt.stderr.log	fd88670b29ec6c5d381b32dd373686f69d5958e79e51081e31bae52dd1631946	yes	result/correctness/small_full_vector/*/comparison.md; correctness_summary.tsv	move_to_raw_data
result/correctness/small_full_vector/benchmark_11023_62184/sequential.stderr.log	raw	runner/PBS 直接出力 (stdout/stderr/測定TSV/ログ/nsys/job manifest)	raw_data/correctness/small_full_vector/benchmark_11023_62184/sequential/seq/job_2367583_20260712/sequential.stderr.log	d7ebec77a0a9d80c8e5c742f25b9bb765a193b9f17dc448d9873061dca15e3e3	yes	result/correctness/small_full_vector/*/comparison.md; correctness_summary.tsv	move_to_raw_data
result/correctness/small_full_vector/benchmark_7000_41459/comparison.md	derived	解析・集計・比較の後処理生成物	result/correctness/small_full_vector/benchmark_7000_41459/comparison.md	45c8e735a0d4c9d7e25c77bd1a018c7379a7f0db7adae675b358da1004723175	yes		keep_in_result
result/correctness/small_full_vector/benchmark_7000_41459/gpu_opt.stderr.log	raw	runner/PBS 直接出力 (stdout/stderr/測定TSV/ログ/nsys/job manifest)	raw_data/correctness/small_full_vector/benchmark_7000_41459/gpu_opt/um_b512/job_2367583_20260712/gpu_opt.stderr.log	55d5a66dfa84523f0307489fdcfc9d034a140594d4d7de9e2d86c0737f4f95f3	yes	result/correctness/small_full_vector/*/comparison.md; correctness_summary.tsv	move_to_raw_data
result/correctness/small_full_vector/benchmark_7000_41459/sequential.stderr.log	raw	runner/PBS 直接出力 (stdout/stderr/測定TSV/ログ/nsys/job manifest)	raw_data/correctness/small_full_vector/benchmark_7000_41459/sequential/seq/job_2367583_20260712/sequential.stderr.log	117af5d6e946777f53ce23276506ae12a8c515eafe4eb3ff7d0b336900031d0d	yes	result/correctness/small_full_vector/*/comparison.md; correctness_summary.tsv	move_to_raw_data
result/correctness/small_full_vector/chain_200/comparison.md	derived	解析・集計・比較の後処理生成物	result/correctness/small_full_vector/chain_200/comparison.md	94f5e6a934387c6b8091d8c81832be931174f68476a1ee6cfb43477f8aecf50a	yes		keep_in_result
result/correctness/small_full_vector/chain_200/gpu_opt.stderr.log	raw	runner/PBS 直接出力 (stdout/stderr/測定TSV/ログ/nsys/job manifest)	raw_data/correctness/small_full_vector/chain_200/gpu_opt/um_b512/job_2367583_20260712/gpu_opt.stderr.log	0c72a07cbbdc2b40b4fd773b3a63a4a4314e3e1564e5ca2e8ca6e413b6fb7958	yes	result/correctness/small_full_vector/*/comparison.md; correctness_summary.tsv	move_to_raw_data
result/correctness/small_full_vector/chain_200/sequential.stderr.log	raw	runner/PBS 直接出力 (stdout/stderr/測定TSV/ログ/nsys/job manifest)	raw_data/correctness/small_full_vector/chain_200/sequential/seq/job_2367583_20260712/sequential.stderr.log	444fdde7a49e404403d6d1c7f717b23bcfefc9a475fbb53f15e12f6e63e4e9a2	yes	result/correctness/small_full_vector/*/comparison.md; correctness_summary.tsv	move_to_raw_data
result/correctness/small_full_vector/correctness_summary.tsv	derived	正確性集計 (派生)	result/correctness/small_full_vector/correctness_summary.tsv	30531c771a6413c8d7821dea119eb51ac997568ca89b8d64d100b7421c3fd200	yes		keep_in_result
result/correctness/small_full_vector/run.log	raw	runner/PBS 直接出力 (stdout/stderr/測定TSV/ログ/nsys/job manifest)	raw_data/correctness/small_full_vector/_job/job_2367583_20260712/run.log	448228a5242da2db4fb4e2e4dacf6e87a5028524639319267006035d88caa7e3	yes	result/correctness/small_full_vector/*/comparison.md; correctness_summary.tsv	move_to_raw_data
result/coverage_matrix.tsv	documentation	README/SOURCE/索引/主張文書	result/coverage_matrix.tsv	389bb5a65d4708099df863abe72d2b56a6a178eade2422cf7c30e28edc8ec23f	yes		keep_in_result
result/datasets/README.md	documentation	README/SOURCE/索引/主張文書	result/datasets/README.md	c057eea2219fb3ef766ba48a8fb944dda662cc6496ebd75d699a314cb7d2f553	yes		keep_in_result
result/datasets/graph_catalog.tsv	documentation	README/SOURCE/索引/主張文書	result/datasets/graph_catalog.tsv	46401e2ef39d9aba1926fcfe9764c97ebceb4af7f9b1b39805044dd125e65164	yes		keep_in_result
result/environment/environment.md	documentation	README/SOURCE/索引/主張文書	result/environment/environment.md	abfabcb8ddc87b5966faece4bc9439ea77c122af2a3610c3ce20693968448e90	yes		keep_in_result
result/figures/statistical_test.md	derived	解析・集計・比較の後処理生成物	result/figures/statistical_test.md	328d621a061dd46b7cd10b2258ef0023faad389cf328dfc1f4b3fed188e3874a	yes		keep_in_result
result/main_performance/proposed_variants/SOURCE.md	documentation	README/SOURCE/索引/主張文書	result/main_performance/proposed_variants/SOURCE.md	69136ed400d979939badac054d36afef9d4d5d0579ab0336f0cbad8e551a19cd	yes		keep_in_result
result/main_performance/proposed_variants/email-EuAll/benchmark.log	raw	runner/PBS 直接出力 (stdout/stderr/測定TSV/ログ/nsys/job manifest)	raw_data/main_performance/proposed_variants/email-EuAll/_run/job_2357334_20260711/benchmark.log	9b57cf09f7c9496a7391aba36ded08921cf74c08fc734bbcf296eb1b26d5cd1c	yes	result/main_performance/proposed_variants/*/summary_table.md; result/tables/final_speedup_tables.md	move_to_raw_data
result/main_performance/proposed_variants/email-EuAll/correctness.md	derived	解析・集計・比較の後処理生成物	result/main_performance/proposed_variants/email-EuAll/correctness.md	4169570839169bc2499381094f7ada0c1b9107047d10937aaafb598fe0aa231c	yes		keep_in_result
result/main_performance/proposed_variants/email-EuAll/max_bc.tsv	raw	runner/PBS 直接出力 (stdout/stderr/測定TSV/ログ/nsys/job manifest)	raw_data/main_performance/proposed_variants/email-EuAll/_run/job_2357334_20260711/max_bc.tsv	0c708ffc33fd83bf905369cf7b1db40804142c08d03ce6231f3b33862d095032	yes	result/main_performance/proposed_variants/*/summary_table.md; result/tables/final_speedup_tables.md	move_to_raw_data
result/main_performance/proposed_variants/email-EuAll/phase_timing.log	raw	runner/PBS 直接出力 (stdout/stderr/測定TSV/ログ/nsys/job manifest)	raw_data/main_performance/proposed_variants/email-EuAll/_run/job_2357334_20260711/phase_timing.log	532eca9d544cf94be1def98a7b55fc3a615dfe9dfab273d218ef486b66abdeaa	yes	result/main_performance/proposed_variants/*/summary_table.md; result/tables/final_speedup_tables.md	move_to_raw_data
result/main_performance/proposed_variants/email-EuAll/results.tsv	raw	runner/PBS 直接出力 (stdout/stderr/測定TSV/ログ/nsys/job manifest)	raw_data/main_performance/proposed_variants/email-EuAll/_run/job_2357334_20260711/results.tsv	19eaa3b29c9300bc11f974bc0064f02f6ae3ef6b6c771a5fbedbd082c8468576	yes	result/main_performance/proposed_variants/*/summary_table.md; result/tables/final_speedup_tables.md	move_to_raw_data
result/main_performance/proposed_variants/email-EuAll/speedup_table.md	derived	解析・集計・比較の後処理生成物	result/main_performance/proposed_variants/email-EuAll/speedup_table.md	02f13392a9574a7e71039ca326c3a30b0a3aed5626b009be3333fc561f0ecc5f	yes		keep_in_result
result/main_performance/proposed_variants/email-EuAll/summary_table.md	derived	解析・集計・比較の後処理生成物	result/main_performance/proposed_variants/email-EuAll/summary_table.md	23349619d834670e59cd1050eeafb669d8b27c6e95013c88c9364c03e66fa9ff	yes		keep_in_result
result/main_performance/proposed_variants/email-EuAll/summary_table.tsv	derived	解析・集計・比較の後処理生成物	result/main_performance/proposed_variants/email-EuAll/summary_table.tsv	66f8a774c27ee5d2c75bcb528627ad64456e9af7601c0904c8d8651c4459cb7e	yes		keep_in_result
result/main_performance/proposed_variants/roadNet-CA/benchmark.log	raw	runner/PBS 直接出力 (stdout/stderr/測定TSV/ログ/nsys/job manifest)	raw_data/main_performance/proposed_variants/roadNet-CA/_run/job_2357334_20260711/benchmark.log	f24b9c2b51ba0733a2f557c41447d6d949645458edab764b40ac85d893dd8cc3	yes	result/main_performance/proposed_variants/*/summary_table.md; result/tables/final_speedup_tables.md	move_to_raw_data
result/main_performance/proposed_variants/roadNet-CA/correctness.md	derived	解析・集計・比較の後処理生成物	result/main_performance/proposed_variants/roadNet-CA/correctness.md	0b6befd903e5ad5fc20e9ff598041c8daaff7f8a96d4f79d988f07c16a5249f0	yes		keep_in_result
result/main_performance/proposed_variants/roadNet-CA/max_bc.tsv	raw	runner/PBS 直接出力 (stdout/stderr/測定TSV/ログ/nsys/job manifest)	raw_data/main_performance/proposed_variants/roadNet-CA/_run/job_2357334_20260711/max_bc.tsv	3a84f62771df9545e82b09b944c7b849119c209873fea77154b0aafaae6a21cf	yes	result/main_performance/proposed_variants/*/summary_table.md; result/tables/final_speedup_tables.md	move_to_raw_data
result/main_performance/proposed_variants/roadNet-CA/phase_timing.log	raw	runner/PBS 直接出力 (stdout/stderr/測定TSV/ログ/nsys/job manifest)	raw_data/main_performance/proposed_variants/roadNet-CA/_run/job_2357334_20260711/phase_timing.log	a873329f5501ce9ed240f05ee3e208ae38e0402a64313b69a4fb735d1670a21c	yes	result/main_performance/proposed_variants/*/summary_table.md; result/tables/final_speedup_tables.md	move_to_raw_data
result/main_performance/proposed_variants/roadNet-CA/results.tsv	raw	runner/PBS 直接出力 (stdout/stderr/測定TSV/ログ/nsys/job manifest)	raw_data/main_performance/proposed_variants/roadNet-CA/_run/job_2357334_20260711/results.tsv	0c4dc2ee0c8d214c884d632ca2b84b153890dc7a49234d2d4f017034cffbc3fd	yes	result/main_performance/proposed_variants/*/summary_table.md; result/tables/final_speedup_tables.md	move_to_raw_data
result/main_performance/proposed_variants/roadNet-CA/speedup_table.md	derived	解析・集計・比較の後処理生成物	result/main_performance/proposed_variants/roadNet-CA/speedup_table.md	02f13392a9574a7e71039ca326c3a30b0a3aed5626b009be3333fc561f0ecc5f	yes		keep_in_result
result/main_performance/proposed_variants/roadNet-CA/summary_table.md	derived	解析・集計・比較の後処理生成物	result/main_performance/proposed_variants/roadNet-CA/summary_table.md	625a406872e011f5f3e208875f49d3a132765f3dd2a9b931fcc18cce2ba20a43	yes		keep_in_result
result/main_performance/proposed_variants/roadNet-CA/summary_table.tsv	derived	解析・集計・比較の後処理生成物	result/main_performance/proposed_variants/roadNet-CA/summary_table.tsv	ddd4bea8714120f8dc7c37d1cfad20de9caef4443952f7416c396bb1aec71673	yes		keep_in_result
result/main_performance/proposed_variants/roadNet-PA/benchmark.log	raw	runner/PBS 直接出力 (stdout/stderr/測定TSV/ログ/nsys/job manifest)	raw_data/main_performance/proposed_variants/roadNet-PA/_run/job_2357334_20260711/benchmark.log	cd1002bde8a25ddd8084e3e178d3d702c3d513743d8f8815ce1be14418fc454e	yes	result/main_performance/proposed_variants/*/summary_table.md; result/tables/final_speedup_tables.md	move_to_raw_data
result/main_performance/proposed_variants/roadNet-PA/correctness.md	derived	解析・集計・比較の後処理生成物	result/main_performance/proposed_variants/roadNet-PA/correctness.md	df132437a1456970a77fb111e01b83375e243d42bdead27a178e9ec890afde75	yes		keep_in_result
result/main_performance/proposed_variants/roadNet-PA/max_bc.tsv	raw	runner/PBS 直接出力 (stdout/stderr/測定TSV/ログ/nsys/job manifest)	raw_data/main_performance/proposed_variants/roadNet-PA/_run/job_2357334_20260711/max_bc.tsv	d737f61df5356a69b79e6c6ff5120f3b39844cc4503dbe4de7cd9962007b39ba	yes	result/main_performance/proposed_variants/*/summary_table.md; result/tables/final_speedup_tables.md	move_to_raw_data
result/main_performance/proposed_variants/roadNet-PA/phase_timing.log	raw	runner/PBS 直接出力 (stdout/stderr/測定TSV/ログ/nsys/job manifest)	raw_data/main_performance/proposed_variants/roadNet-PA/_run/job_2357334_20260711/phase_timing.log	378d73d3d90c1593fa79b75f94b2449c9e18579fc540151378744320c75ce9a2	yes	result/main_performance/proposed_variants/*/summary_table.md; result/tables/final_speedup_tables.md	move_to_raw_data
result/main_performance/proposed_variants/roadNet-PA/results.tsv	raw	runner/PBS 直接出力 (stdout/stderr/測定TSV/ログ/nsys/job manifest)	raw_data/main_performance/proposed_variants/roadNet-PA/_run/job_2357334_20260711/results.tsv	88e09385c4188359a92252209c0493ceb93cecdefcb616d7526e9e6b8ee32eb2	yes	result/main_performance/proposed_variants/*/summary_table.md; result/tables/final_speedup_tables.md	move_to_raw_data
result/main_performance/proposed_variants/roadNet-PA/speedup_table.md	derived	解析・集計・比較の後処理生成物	result/main_performance/proposed_variants/roadNet-PA/speedup_table.md	02f13392a9574a7e71039ca326c3a30b0a3aed5626b009be3333fc561f0ecc5f	yes		keep_in_result
result/main_performance/proposed_variants/roadNet-PA/summary_table.md	derived	解析・集計・比較の後処理生成物	result/main_performance/proposed_variants/roadNet-PA/summary_table.md	cb25bb349eb9e0c40f6da4afcbdd826f129c9412ec422ff13d4888988aa62f09	yes		keep_in_result
result/main_performance/proposed_variants/roadNet-PA/summary_table.tsv	derived	解析・集計・比較の後処理生成物	result/main_performance/proposed_variants/roadNet-PA/summary_table.tsv	bdc7b2175924c340c7bc69dfd9ae27b4c739bf3e1dca1609e9e9ced7e597464e	yes		keep_in_result
result/main_performance/proposed_variants/roadNet-TX/benchmark.log	raw	runner/PBS 直接出力 (stdout/stderr/測定TSV/ログ/nsys/job manifest)	raw_data/main_performance/proposed_variants/roadNet-TX/_run/job_2357334_20260711/benchmark.log	27737385bb6c91c5b341fa92a2a0e7dcc21562cb200013b0129d44c8ac2d50a2	yes	result/main_performance/proposed_variants/*/summary_table.md; result/tables/final_speedup_tables.md	move_to_raw_data
result/main_performance/proposed_variants/roadNet-TX/correctness.md	derived	解析・集計・比較の後処理生成物	result/main_performance/proposed_variants/roadNet-TX/correctness.md	55090b0da2ed98a1d4b41705c083bef77e86ac43dc8c66b8b3b0d5fe8a36fc41	yes		keep_in_result
result/main_performance/proposed_variants/roadNet-TX/max_bc.tsv	raw	runner/PBS 直接出力 (stdout/stderr/測定TSV/ログ/nsys/job manifest)	raw_data/main_performance/proposed_variants/roadNet-TX/_run/job_2357334_20260711/max_bc.tsv	98d785b0a354602e82f550e983aaef696fc9ced2e832f4565afb9cac58131c81	yes	result/main_performance/proposed_variants/*/summary_table.md; result/tables/final_speedup_tables.md	move_to_raw_data
result/main_performance/proposed_variants/roadNet-TX/phase_timing.log	raw	runner/PBS 直接出力 (stdout/stderr/測定TSV/ログ/nsys/job manifest)	raw_data/main_performance/proposed_variants/roadNet-TX/_run/job_2357334_20260711/phase_timing.log	955a3d372d046b46eadc4dbce083d5bc0668ac394d28010c9f893fec1990ea3b	yes	result/main_performance/proposed_variants/*/summary_table.md; result/tables/final_speedup_tables.md	move_to_raw_data
result/main_performance/proposed_variants/roadNet-TX/results.tsv	raw	runner/PBS 直接出力 (stdout/stderr/測定TSV/ログ/nsys/job manifest)	raw_data/main_performance/proposed_variants/roadNet-TX/_run/job_2357334_20260711/results.tsv	d07218e83497afb4c9a6f2526169154da8852085e562ed573c90839faf0bd4e8	yes	result/main_performance/proposed_variants/*/summary_table.md; result/tables/final_speedup_tables.md	move_to_raw_data
result/main_performance/proposed_variants/roadNet-TX/speedup_table.md	derived	解析・集計・比較の後処理生成物	result/main_performance/proposed_variants/roadNet-TX/speedup_table.md	02f13392a9574a7e71039ca326c3a30b0a3aed5626b009be3333fc561f0ecc5f	yes		keep_in_result
result/main_performance/proposed_variants/roadNet-TX/summary_table.md	derived	解析・集計・比較の後処理生成物	result/main_performance/proposed_variants/roadNet-TX/summary_table.md	af2d722695076cf1804fd3777f3eb820637110d2bd00add2f7d8738bb5c74425	yes		keep_in_result
result/main_performance/proposed_variants/roadNet-TX/summary_table.tsv	derived	解析・集計・比較の後処理生成物	result/main_performance/proposed_variants/roadNet-TX/summary_table.tsv	adf9aff08a2a0ee238bba2a4a9958c669884cfec09ad5cb9beedb683f13df573	yes		keep_in_result
result/main_performance/proposed_vs_pathmerge/README.md	documentation	README/SOURCE/索引/主張文書	result/main_performance/proposed_vs_pathmerge/README.md	f045a4a34237bcf091c24a479e454eec51cce126b897ce8a7cd2bbe617754142	yes		keep_in_result
result/main_performance/proposed_vs_pathmerge/comparison.tsv	derived	解析・集計・比較の後処理生成物	result/main_performance/proposed_vs_pathmerge/comparison.tsv	00387c4c89130ad59f79799452fe2548ef9908ee4a4ffe93e1ea6da974d7d8f1	yes		keep_in_result
result/main_performance/seven_implementations/README.md	documentation	README/SOURCE/索引/主張文書	result/main_performance/seven_implementations/README.md	2a5cc2a223bca543bee35e9374eaea420840c9b63c923ab05e476c8fda58884c	yes		keep_in_result
result/main_performance/seven_implementations/legacy_partial/large/benchmark_no_gpu_opt.log	raw	runner/PBS 直接出力 (stdout/stderr/測定TSV/ログ/nsys/job manifest)	raw_data/main_performance/seven_implementations/legacy_partial/large/no_gpu_opt/job_notrecorded_legacy/benchmark_no_gpu_opt.log	705211d08c2329306b2fdf654c5a3ea56edc24ec2865f3ca8ca78bb0dc8f3e00	partial(PathMerge baseline=yes; others=reference/limited)	result/main_performance/seven_implementations/legacy_partial/*/summary_table_no_gpu_opt.md	move_to_raw_data
result/main_performance/seven_implementations/legacy_partial/large/correctness_no_gpu_opt.md	derived	解析・集計・比較の後処理生成物	result/main_performance/seven_implementations/legacy_partial/large/correctness_no_gpu_opt.md	7a7e279e28b72e3fdffa38949d923f3bc0dc2517b50af1796cd55f3c3ad5dbe3	partial(PathMerge baseline=yes; others=reference/limited)		keep_in_result
result/main_performance/seven_implementations/legacy_partial/large/gpu_opt_and_gpu_opt_pure_chunked/benchmark.log	raw	runner/PBS 直接出力 (stdout/stderr/測定TSV/ログ/nsys/job manifest)	raw_data/main_performance/seven_implementations/legacy_partial/large/gpu_opt_and_gpu_opt_pure_chunked/job_notrecorded_legacy/benchmark.log	4c1b2571a9cc26c385ae281414ed707a199aff743bb46ba23032fb69966742be	partial(PathMerge baseline=yes; others=reference/limited)	result/main_performance/seven_implementations/legacy_partial/*/summary_table_no_gpu_opt.md	move_to_raw_data
result/main_performance/seven_implementations/legacy_partial/large/gpu_opt_and_gpu_opt_pure_chunked/correctness.md	derived	解析・集計・比較の後処理生成物	result/main_performance/seven_implementations/legacy_partial/large/gpu_opt_and_gpu_opt_pure_chunked/correctness.md	7cadfa4702fcf6f22673dd28e69ce41f56c1f6686cd8656b482bccc1af429d6f	partial(PathMerge baseline=yes; others=reference/limited)		keep_in_result
result/main_performance/seven_implementations/legacy_partial/large/gpu_opt_and_gpu_opt_pure_chunked/max_bc.tsv	raw	runner/PBS 直接出力 (stdout/stderr/測定TSV/ログ/nsys/job manifest)	raw_data/main_performance/seven_implementations/legacy_partial/large/gpu_opt_and_gpu_opt_pure_chunked/job_notrecorded_legacy/max_bc.tsv	0585999145e3770eb0bacda9606d6579f3bbcf18c6dd6bc80d2a2b76fc94ebe4	partial(PathMerge baseline=yes; others=reference/limited)	result/main_performance/seven_implementations/legacy_partial/*/summary_table_no_gpu_opt.md	move_to_raw_data
result/main_performance/seven_implementations/legacy_partial/large/gpu_opt_and_gpu_opt_pure_chunked/phase_timing.log	raw	runner/PBS 直接出力 (stdout/stderr/測定TSV/ログ/nsys/job manifest)	raw_data/main_performance/seven_implementations/legacy_partial/large/gpu_opt_and_gpu_opt_pure_chunked/job_notrecorded_legacy/phase_timing.log	76ee7a6cd85c49bf0b2e5701a7a270fde2fd326771f95dbe31cf532a4b6a1afa	partial(PathMerge baseline=yes; others=reference/limited)	result/main_performance/seven_implementations/legacy_partial/*/summary_table_no_gpu_opt.md	move_to_raw_data
result/main_performance/seven_implementations/legacy_partial/large/gpu_opt_and_gpu_opt_pure_chunked/results.tsv	raw	runner/PBS 直接出力 (stdout/stderr/測定TSV/ログ/nsys/job manifest)	raw_data/main_performance/seven_implementations/legacy_partial/large/gpu_opt_and_gpu_opt_pure_chunked/job_notrecorded_legacy/results.tsv	398a70b35f20ae1fd414945a3130361a6766fe0d1f233304ff6129b5224f1c0b	partial(PathMerge baseline=yes; others=reference/limited)	result/main_performance/seven_implementations/legacy_partial/*/summary_table_no_gpu_opt.md	move_to_raw_data
result/main_performance/seven_implementations/legacy_partial/large/gpu_opt_and_gpu_opt_pure_chunked/summary_table.tsv	derived	解析・集計・比較の後処理生成物	result/main_performance/seven_implementations/legacy_partial/large/gpu_opt_and_gpu_opt_pure_chunked/summary_table.tsv	b56ba4838cf0a5e89dcd746a70b9a9292d6ed7005f3bdef8a5ba2c89bb112cee	partial(PathMerge baseline=yes; others=reference/limited)		keep_in_result
result/main_performance/seven_implementations/legacy_partial/large/max_bc_no_gpu_opt.tsv	raw	runner/PBS 直接出力 (stdout/stderr/測定TSV/ログ/nsys/job manifest)	raw_data/main_performance/seven_implementations/legacy_partial/large/no_gpu_opt/job_notrecorded_legacy/max_bc_no_gpu_opt.tsv	5b469b086fbcc46d1640881f08ce96760736c645b9843bc32831bafb7b37a230	partial(PathMerge baseline=yes; others=reference/limited)	result/main_performance/seven_implementations/legacy_partial/*/summary_table_no_gpu_opt.md	move_to_raw_data
result/main_performance/seven_implementations/legacy_partial/large/phase_table_no_gpu_opt.md	derived	解析・集計・比較の後処理生成物	result/main_performance/seven_implementations/legacy_partial/large/phase_table_no_gpu_opt.md	41276090052e0990198496757b050e64c554a36de50c758756324d5e0972cf50	partial(PathMerge baseline=yes; others=reference/limited)		keep_in_result
result/main_performance/seven_implementations/legacy_partial/large/phase_timing_no_gpu_opt.log	raw	runner/PBS 直接出力 (stdout/stderr/測定TSV/ログ/nsys/job manifest)	raw_data/main_performance/seven_implementations/legacy_partial/large/no_gpu_opt/job_notrecorded_legacy/phase_timing_no_gpu_opt.log	a45a37a0371aab6433cf957ceca1da134d4f1ca8cb1356b476261cf0aeaaa4e1	partial(PathMerge baseline=yes; others=reference/limited)	result/main_performance/seven_implementations/legacy_partial/*/summary_table_no_gpu_opt.md	move_to_raw_data
result/main_performance/seven_implementations/legacy_partial/large/results_no_gpu_opt.tsv	raw	runner/PBS 直接出力 (stdout/stderr/測定TSV/ログ/nsys/job manifest)	raw_data/main_performance/seven_implementations/legacy_partial/large/no_gpu_opt/job_notrecorded_legacy/results_no_gpu_opt.tsv	e4e42bee784c4ea499f17e38f6f48ed0d6a4a3723e2b235c3263e935dae725e9	partial(PathMerge baseline=yes; others=reference/limited)	result/main_performance/seven_implementations/legacy_partial/*/summary_table_no_gpu_opt.md	move_to_raw_data
result/main_performance/seven_implementations/legacy_partial/large/summary_table_no_gpu_opt.tsv	derived	解析・集計・比較の後処理生成物	result/main_performance/seven_implementations/legacy_partial/large/summary_table_no_gpu_opt.tsv	ede76d9d10925216e2154bad56a9c64e1b7752cd8bce5b2170a070b1723799f9	partial(PathMerge baseline=yes; others=reference/limited)		keep_in_result
result/main_performance/seven_implementations/legacy_partial/medium/benchmark_no_gpu_opt.log	raw	runner/PBS 直接出力 (stdout/stderr/測定TSV/ログ/nsys/job manifest)	raw_data/main_performance/seven_implementations/legacy_partial/medium/no_gpu_opt/job_notrecorded_legacy/benchmark_no_gpu_opt.log	ccfdc4967ea3c8a3c495266f890e55c32a618a2b4db78de9d7a3aecd78e5751b	partial(PathMerge baseline=yes; others=reference/limited)	result/main_performance/seven_implementations/legacy_partial/*/summary_table_no_gpu_opt.md	move_to_raw_data
result/main_performance/seven_implementations/legacy_partial/medium/correctness_no_gpu_opt.md	derived	解析・集計・比較の後処理生成物	result/main_performance/seven_implementations/legacy_partial/medium/correctness_no_gpu_opt.md	bc2dfdde7fef77de4a8855f8008df142e36b8a030dbfce3eb332859f460e235d	partial(PathMerge baseline=yes; others=reference/limited)		keep_in_result
result/main_performance/seven_implementations/legacy_partial/medium/gpu_opt_and_gpu_opt_pure_chunked/benchmark.log	raw	runner/PBS 直接出力 (stdout/stderr/測定TSV/ログ/nsys/job manifest)	raw_data/main_performance/seven_implementations/legacy_partial/medium/gpu_opt_and_gpu_opt_pure_chunked/job_notrecorded_legacy/benchmark.log	dc2efa82cc8af5f74b6e9e3b85f20ef0739069c3a04bba39b8bb18389409f31d	partial(PathMerge baseline=yes; others=reference/limited)	result/main_performance/seven_implementations/legacy_partial/*/summary_table_no_gpu_opt.md	move_to_raw_data
result/main_performance/seven_implementations/legacy_partial/medium/gpu_opt_and_gpu_opt_pure_chunked/correctness.md	derived	解析・集計・比較の後処理生成物	result/main_performance/seven_implementations/legacy_partial/medium/gpu_opt_and_gpu_opt_pure_chunked/correctness.md	13550c5e3c5aa93f2dd1e91c33cc97f2c6235479d09f70cdca72a5bb8c0bd62d	partial(PathMerge baseline=yes; others=reference/limited)		keep_in_result
result/main_performance/seven_implementations/legacy_partial/medium/gpu_opt_and_gpu_opt_pure_chunked/max_bc.tsv	raw	runner/PBS 直接出力 (stdout/stderr/測定TSV/ログ/nsys/job manifest)	raw_data/main_performance/seven_implementations/legacy_partial/medium/gpu_opt_and_gpu_opt_pure_chunked/job_notrecorded_legacy/max_bc.tsv	2fd095a2e635c68ff56d8a50f77291013246647ece80546f12ff0700bf203a45	partial(PathMerge baseline=yes; others=reference/limited)	result/main_performance/seven_implementations/legacy_partial/*/summary_table_no_gpu_opt.md	move_to_raw_data
result/main_performance/seven_implementations/legacy_partial/medium/gpu_opt_and_gpu_opt_pure_chunked/phase_timing.log	raw	runner/PBS 直接出力 (stdout/stderr/測定TSV/ログ/nsys/job manifest)	raw_data/main_performance/seven_implementations/legacy_partial/medium/gpu_opt_and_gpu_opt_pure_chunked/job_notrecorded_legacy/phase_timing.log	a6cbc72eb3fec57a4b2365d32aadbc112f39bcefc0a6714fbab4d14e45577a67	partial(PathMerge baseline=yes; others=reference/limited)	result/main_performance/seven_implementations/legacy_partial/*/summary_table_no_gpu_opt.md	move_to_raw_data
result/main_performance/seven_implementations/legacy_partial/medium/gpu_opt_and_gpu_opt_pure_chunked/results.tsv	raw	runner/PBS 直接出力 (stdout/stderr/測定TSV/ログ/nsys/job manifest)	raw_data/main_performance/seven_implementations/legacy_partial/medium/gpu_opt_and_gpu_opt_pure_chunked/job_notrecorded_legacy/results.tsv	320285a68e8c4f966d41ab56a0d35476892a7e344b905de1e458365cacc295dd	partial(PathMerge baseline=yes; others=reference/limited)	result/main_performance/seven_implementations/legacy_partial/*/summary_table_no_gpu_opt.md	move_to_raw_data
result/main_performance/seven_implementations/legacy_partial/medium/gpu_opt_and_gpu_opt_pure_chunked/speedup_table.md	derived	解析・集計・比較の後処理生成物	result/main_performance/seven_implementations/legacy_partial/medium/gpu_opt_and_gpu_opt_pure_chunked/speedup_table.md	02f13392a9574a7e71039ca326c3a30b0a3aed5626b009be3333fc561f0ecc5f	partial(PathMerge baseline=yes; others=reference/limited)		keep_in_result
result/main_performance/seven_implementations/legacy_partial/medium/gpu_opt_and_gpu_opt_pure_chunked/summary_table.md	derived	解析・集計・比較の後処理生成物	result/main_performance/seven_implementations/legacy_partial/medium/gpu_opt_and_gpu_opt_pure_chunked/summary_table.md	b9cb7d4186254d2f92bd3dca2c3d5b62919ea27bc04d81a53920197384674814	partial(PathMerge baseline=yes; others=reference/limited)		keep_in_result
result/main_performance/seven_implementations/legacy_partial/medium/gpu_opt_and_gpu_opt_pure_chunked/summary_table.tsv	derived	解析・集計・比較の後処理生成物	result/main_performance/seven_implementations/legacy_partial/medium/gpu_opt_and_gpu_opt_pure_chunked/summary_table.tsv	5743e06fddb919041610a3b6bc11d59662ae75a0a381da1169afb1e70470be93	partial(PathMerge baseline=yes; others=reference/limited)		keep_in_result
result/main_performance/seven_implementations/legacy_partial/medium/max_bc_no_gpu_opt.tsv	raw	runner/PBS 直接出力 (stdout/stderr/測定TSV/ログ/nsys/job manifest)	raw_data/main_performance/seven_implementations/legacy_partial/medium/no_gpu_opt/job_notrecorded_legacy/max_bc_no_gpu_opt.tsv	43e9d958afd4be30abe16cb3efaf42f01a01f0b0dd11b29e96f04abac2d7f282	partial(PathMerge baseline=yes; others=reference/limited)	result/main_performance/seven_implementations/legacy_partial/*/summary_table_no_gpu_opt.md	move_to_raw_data
result/main_performance/seven_implementations/legacy_partial/medium/phase_table_no_gpu_opt.md	derived	解析・集計・比較の後処理生成物	result/main_performance/seven_implementations/legacy_partial/medium/phase_table_no_gpu_opt.md	d7c5022ca032cf7bdbd2ce712fb59dca7ecf683a8f6a74d7a5ad689bb007cbf4	partial(PathMerge baseline=yes; others=reference/limited)		keep_in_result
result/main_performance/seven_implementations/legacy_partial/medium/phase_timing_no_gpu_opt.log	raw	runner/PBS 直接出力 (stdout/stderr/測定TSV/ログ/nsys/job manifest)	raw_data/main_performance/seven_implementations/legacy_partial/medium/no_gpu_opt/job_notrecorded_legacy/phase_timing_no_gpu_opt.log	afb078daf582da154d215d9868cb74957b1bcdb3a300ebe09b6247dc9808220c	partial(PathMerge baseline=yes; others=reference/limited)	result/main_performance/seven_implementations/legacy_partial/*/summary_table_no_gpu_opt.md	move_to_raw_data
result/main_performance/seven_implementations/legacy_partial/medium/results_no_gpu_opt.tsv	raw	runner/PBS 直接出力 (stdout/stderr/測定TSV/ログ/nsys/job manifest)	raw_data/main_performance/seven_implementations/legacy_partial/medium/no_gpu_opt/job_notrecorded_legacy/results_no_gpu_opt.tsv	9e40cc99011013afdb03a2799df949adb0f6ab23f67e9b1fb9c34db85c18dc36	partial(PathMerge baseline=yes; others=reference/limited)	result/main_performance/seven_implementations/legacy_partial/*/summary_table_no_gpu_opt.md	move_to_raw_data
result/main_performance/seven_implementations/legacy_partial/medium/speedup_table_no_gpu_opt.md	derived	解析・集計・比較の後処理生成物	result/main_performance/seven_implementations/legacy_partial/medium/speedup_table_no_gpu_opt.md	9034edb7f22411ba6df1649a7ce7a0ccf012a835a22ab3bfcaedaa156482cee5	partial(PathMerge baseline=yes; others=reference/limited)		keep_in_result
result/main_performance/seven_implementations/legacy_partial/medium/summary_table_no_gpu_opt.md	derived	解析・集計・比較の後処理生成物	result/main_performance/seven_implementations/legacy_partial/medium/summary_table_no_gpu_opt.md	133489a8561ccce3b26003d04bea16d9f7d4258035c7d68cd75e9ac3bac0a6d5	partial(PathMerge baseline=yes; others=reference/limited)		keep_in_result
result/main_performance/seven_implementations/legacy_partial/medium/summary_table_no_gpu_opt.tsv	derived	解析・集計・比較の後処理生成物	result/main_performance/seven_implementations/legacy_partial/medium/summary_table_no_gpu_opt.tsv	3f9a8de6e31bca446034f3a9fb943a901c475e8101c93ec7c4d217f94b982569	partial(PathMerge baseline=yes; others=reference/limited)		keep_in_result
result/main_performance/seven_implementations/legacy_partial/small/benchmark_no_gpu_opt.log	raw	runner/PBS 直接出力 (stdout/stderr/測定TSV/ログ/nsys/job manifest)	raw_data/main_performance/seven_implementations/legacy_partial/small/no_gpu_opt/job_notrecorded_legacy/benchmark_no_gpu_opt.log	1b76cbbaa405c739cd9364153da1dcd1770e2792e3b2064422fb4a2d74b2a742	partial(PathMerge baseline=yes; others=reference/limited)	result/main_performance/seven_implementations/legacy_partial/*/summary_table_no_gpu_opt.md	move_to_raw_data
result/main_performance/seven_implementations/legacy_partial/small/gpu_opt_and_gpu_opt_pure_chunked/benchmark.log	raw	runner/PBS 直接出力 (stdout/stderr/測定TSV/ログ/nsys/job manifest)	raw_data/main_performance/seven_implementations/legacy_partial/small/gpu_opt_and_gpu_opt_pure_chunked/job_notrecorded_legacy/benchmark.log	72fe8d27fd1095bb7fa751867362d0669267ab92a3f21e3249f1f4cc6e76cb5d	partial(PathMerge baseline=yes; others=reference/limited)	result/main_performance/seven_implementations/legacy_partial/*/summary_table_no_gpu_opt.md	move_to_raw_data
result/main_performance/seven_implementations/legacy_partial/small/gpu_opt_and_gpu_opt_pure_chunked/correctness.md	derived	解析・集計・比較の後処理生成物	result/main_performance/seven_implementations/legacy_partial/small/gpu_opt_and_gpu_opt_pure_chunked/correctness.md	ab47bb2dd867a0f8516a4e246b1ad4f9fb3c4ce4e303d9f2262fb34f95eac682	partial(PathMerge baseline=yes; others=reference/limited)		keep_in_result
result/main_performance/seven_implementations/legacy_partial/small/gpu_opt_and_gpu_opt_pure_chunked/max_bc.tsv	raw	runner/PBS 直接出力 (stdout/stderr/測定TSV/ログ/nsys/job manifest)	raw_data/main_performance/seven_implementations/legacy_partial/small/gpu_opt_and_gpu_opt_pure_chunked/job_notrecorded_legacy/max_bc.tsv	705c71e8ff1ea6dec581ca496730d12fed03425200540a243a352ae414e801b9	partial(PathMerge baseline=yes; others=reference/limited)	result/main_performance/seven_implementations/legacy_partial/*/summary_table_no_gpu_opt.md	move_to_raw_data
result/main_performance/seven_implementations/legacy_partial/small/gpu_opt_and_gpu_opt_pure_chunked/phase_timing.log	raw	runner/PBS 直接出力 (stdout/stderr/測定TSV/ログ/nsys/job manifest)	raw_data/main_performance/seven_implementations/legacy_partial/small/gpu_opt_and_gpu_opt_pure_chunked/job_notrecorded_legacy/phase_timing.log	c2b12d8f5c5611a86d0cfda11c7277ea80d77879e8ef4c733b20d05f300aaf51	partial(PathMerge baseline=yes; others=reference/limited)	result/main_performance/seven_implementations/legacy_partial/*/summary_table_no_gpu_opt.md	move_to_raw_data
result/main_performance/seven_implementations/legacy_partial/small/gpu_opt_and_gpu_opt_pure_chunked/results.tsv	raw	runner/PBS 直接出力 (stdout/stderr/測定TSV/ログ/nsys/job manifest)	raw_data/main_performance/seven_implementations/legacy_partial/small/gpu_opt_and_gpu_opt_pure_chunked/job_notrecorded_legacy/results.tsv	82f5f4e282831db3bd7073df23fb6ac408d2a0dbb9d44bd38a8f2e9c6d42758d	partial(PathMerge baseline=yes; others=reference/limited)	result/main_performance/seven_implementations/legacy_partial/*/summary_table_no_gpu_opt.md	move_to_raw_data
result/main_performance/seven_implementations/legacy_partial/small/gpu_opt_and_gpu_opt_pure_chunked/speedup_table.md	derived	解析・集計・比較の後処理生成物	result/main_performance/seven_implementations/legacy_partial/small/gpu_opt_and_gpu_opt_pure_chunked/speedup_table.md	02f13392a9574a7e71039ca326c3a30b0a3aed5626b009be3333fc561f0ecc5f	partial(PathMerge baseline=yes; others=reference/limited)		keep_in_result
result/main_performance/seven_implementations/legacy_partial/small/gpu_opt_and_gpu_opt_pure_chunked/summary_table.md	derived	解析・集計・比較の後処理生成物	result/main_performance/seven_implementations/legacy_partial/small/gpu_opt_and_gpu_opt_pure_chunked/summary_table.md	90c0d85a469c31dc7adf220ce7577189e21883af1491d0f942c4608c518fedf4	partial(PathMerge baseline=yes; others=reference/limited)		keep_in_result
result/main_performance/seven_implementations/legacy_partial/small/gpu_opt_and_gpu_opt_pure_chunked/summary_table.tsv	derived	解析・集計・比較の後処理生成物	result/main_performance/seven_implementations/legacy_partial/small/gpu_opt_and_gpu_opt_pure_chunked/summary_table.tsv	cc82060290067f89cb3818c1e96e0d0846c9ef5fe48bc517a27ea1edc5f62eea	partial(PathMerge baseline=yes; others=reference/limited)		keep_in_result
result/main_performance/seven_implementations/legacy_partial/small/max_bc_no_gpu_opt.tsv	raw	runner/PBS 直接出力 (stdout/stderr/測定TSV/ログ/nsys/job manifest)	raw_data/main_performance/seven_implementations/legacy_partial/small/no_gpu_opt/job_notrecorded_legacy/max_bc_no_gpu_opt.tsv	0726b76088b25c065962cb67e1d5300941347eb5b0e6b3c002306a762390b8f8	partial(PathMerge baseline=yes; others=reference/limited)	result/main_performance/seven_implementations/legacy_partial/*/summary_table_no_gpu_opt.md	move_to_raw_data
result/main_performance/seven_implementations/legacy_partial/small/phase_timing_no_gpu_opt.log	raw	runner/PBS 直接出力 (stdout/stderr/測定TSV/ログ/nsys/job manifest)	raw_data/main_performance/seven_implementations/legacy_partial/small/no_gpu_opt/job_notrecorded_legacy/phase_timing_no_gpu_opt.log	6534ca029f7ba5d302d97d8d1f717b9506847603e084cc74b2f8d6220bc83d10	partial(PathMerge baseline=yes; others=reference/limited)	result/main_performance/seven_implementations/legacy_partial/*/summary_table_no_gpu_opt.md	move_to_raw_data
result/main_performance/seven_implementations/legacy_partial/small/results_no_gpu_opt.tsv	raw	runner/PBS 直接出力 (stdout/stderr/測定TSV/ログ/nsys/job manifest)	raw_data/main_performance/seven_implementations/legacy_partial/small/no_gpu_opt/job_notrecorded_legacy/results_no_gpu_opt.tsv	a2cb5b57eafdac516ceb003b47247b981fb60350b144118adc803d28c1b18c74	partial(PathMerge baseline=yes; others=reference/limited)	result/main_performance/seven_implementations/legacy_partial/*/summary_table_no_gpu_opt.md	move_to_raw_data
result/main_performance/seven_implementations/legacy_partial/small/statistical_test_no_gpu_opt.md	derived	解析・集計・比較の後処理生成物	result/main_performance/seven_implementations/legacy_partial/small/statistical_test_no_gpu_opt.md	e817e24f6e9ad2aeab5c0b0b5c75d2af59eebc74634ec910f4b128ac0d48a102	partial(PathMerge baseline=yes; others=reference/limited)		keep_in_result
result/memory_scalability/SOURCE.md	documentation	README/SOURCE/索引/主張文書	result/memory_scalability/SOURCE.md	a1638047100cb3d9c5f96f9b034db30d653b5b6ee1876acf8c01cfe36ff41eed	yes		keep_in_result
result/memory_scalability/oversubscribe_results_gpu_opt.tsv	raw	runner/PBS 直接出力 (stdout/stderr/測定TSV/ログ/nsys/job manifest)	raw_data/memory_scalability/325557_3216152/gpu_opt/job_notrecorded_20260512/oversubscribe_results_gpu_opt.tsv	aafaef232511b8d76a6cbe124db83ef826c73873bc5780bb85e8066310bf0a7f	yes	result/memory_scalability/SOURCE.md (feasibility)	move_to_raw_data
result/memory_scalability/oversubscribe_results_gpu_opt_pure.tsv	raw	runner/PBS 直接出力 (stdout/stderr/測定TSV/ログ/nsys/job manifest)	raw_data/memory_scalability/325557_3216152/gpu_opt_pure/job_notrecorded_20260512/oversubscribe_results_gpu_opt_pure.tsv	216e0b4657f2ea9cec61987efb99f03eaa1b0f51948c796fd0baf39b52873f49	yes	result/memory_scalability/SOURCE.md (feasibility)	move_to_raw_data
result/memory_scalability/oversubscribe_results_gpu_opt_pure_chunked.tsv	raw	runner/PBS 直接出力 (stdout/stderr/測定TSV/ログ/nsys/job manifest)	raw_data/memory_scalability/325557_3216152/gpu_opt_pure_chunked/job_notrecorded_20260512/oversubscribe_results_gpu_opt_pure_chunked.tsv	018f5b1a485663ff41c8d99b07a761d48e5852b519ba84b332dce9a72af0ba1c	yes	result/memory_scalability/SOURCE.md (feasibility)	move_to_raw_data
result/memory_scalability/um_experiment_gpu_opt.log	raw	runner/PBS 直接出力 (stdout/stderr/測定TSV/ログ/nsys/job manifest)	raw_data/memory_scalability/325557_3216152/gpu_opt/job_notrecorded_20260512/um_experiment_gpu_opt.log	3eb63e738ae102781195d71484d285c4d6273967eab14ababefa8d4469c9e802	yes	result/memory_scalability/SOURCE.md (feasibility)	move_to_raw_data
result/memory_scalability/um_experiment_gpu_opt_pure.log	raw	runner/PBS 直接出力 (stdout/stderr/測定TSV/ログ/nsys/job manifest)	raw_data/memory_scalability/325557_3216152/gpu_opt_pure/job_notrecorded_20260512/um_experiment_gpu_opt_pure.log	2fca7fe6f82379b0c29071d8965bd8fc43412f9d3440f287db1031661d1b28dd	yes	result/memory_scalability/SOURCE.md (feasibility)	move_to_raw_data
result/memory_scalability/um_experiment_gpu_opt_pure_chunked.log	raw	runner/PBS 直接出力 (stdout/stderr/測定TSV/ログ/nsys/job manifest)	raw_data/memory_scalability/325557_3216152/gpu_opt_pure_chunked/job_notrecorded_20260512/um_experiment_gpu_opt_pure_chunked.log	381d1a26948113e2bf429eceb18ff017fa8abc67f4582cb1b48b40233ec43fe1	yes	result/memory_scalability/SOURCE.md (feasibility)	move_to_raw_data
result/phase_breakdown/SOURCE.md	documentation	README/SOURCE/索引/主張文書	result/phase_breakdown/SOURCE.md	7dfcbb255bd3d723536354f9c070b5d7cbc7fae102ff4f683cf48628a0ae882c	yes		keep_in_result
result/phase_breakdown/phase_breakdown.pdf	derived	生成図 (PDF)	result/phase_breakdown/phase_breakdown.pdf	9a2c02193d8cc18d9e3fb6784ca0a020a12d19e0833519144d6bccf5358474d7	yes		keep_in_result
result/profiling/SOURCE.md	documentation	README/SOURCE/索引/主張文書	result/profiling/SOURCE.md	e9c305dc840b0d461faf0c8f073135033f966ca763cf09a658189fb72288c58b	yes		keep_in_result
result/profiling/ablation_H1W1A0.console.log	raw	runner/PBS 直接出力 (stdout/stderr/測定TSV/ログ/nsys/job manifest)	raw_data/profiling/job_2359175_20260711/ablation_H1W1A0.console.log	262c53fb9eee797a167b77e9ff9e66c82f286808ec000cbbb0407bd86aa819f5	yes	result/ablation/*/ablation_summary.md; result/ablation/*/ablation_contributions.tsv	move_to_raw_data
result/profiling/ablation_H1W1A0.nsys-rep	raw	runner/PBS 直接出力 (stdout/stderr/測定TSV/ログ/nsys/job manifest)	raw_data/profiling/job_2359175_20260711/ablation_H1W1A0.nsys-rep	5dcf9a443805cb1c16a7fb896addeb40c9c5faeb14bc0b2867dbd08508751641	yes	result/ablation/*/ablation_summary.md; result/ablation/*/ablation_contributions.tsv	move_to_raw_data
result/profiling/ablation_H1W1A0.stats.txt	raw	runner/PBS 直接出力 (stdout/stderr/測定TSV/ログ/nsys/job manifest)	raw_data/profiling/job_2359175_20260711/ablation_H1W1A0.stats.txt	700908a782c3187829ff35673cd66566bfed03744ee1863e3a9a4f35ff074962	yes	result/ablation/*/ablation_summary.md; result/ablation/*/ablation_contributions.tsv	move_to_raw_data
result/profiling/ablation_H1W1A1.console.log	raw	runner/PBS 直接出力 (stdout/stderr/測定TSV/ログ/nsys/job manifest)	raw_data/profiling/job_2359175_20260711/ablation_H1W1A1.console.log	9ba6b4c266d452002db7770f934dce134734802f9a3c3148217ff2f361d1d78b	yes	result/ablation/*/ablation_summary.md; result/ablation/*/ablation_contributions.tsv	move_to_raw_data
result/profiling/ablation_H1W1A1.nsys-rep	raw	runner/PBS 直接出力 (stdout/stderr/測定TSV/ログ/nsys/job manifest)	raw_data/profiling/job_2359175_20260711/ablation_H1W1A1.nsys-rep	40844307e6154bac4485af93b4ecb761176b3c5569bb262d6e68fea1af2b72ed	yes	result/ablation/*/ablation_summary.md; result/ablation/*/ablation_contributions.tsv	move_to_raw_data
result/profiling/ablation_H1W1A1.stats.txt	raw	runner/PBS 直接出力 (stdout/stderr/測定TSV/ログ/nsys/job manifest)	raw_data/profiling/job_2359175_20260711/ablation_H1W1A1.stats.txt	21591c276f0f003c48f95e29cc08aaba6174d7a0ad270908663545df884c3ef7	yes	result/ablation/*/ablation_summary.md; result/ablation/*/ablation_contributions.tsv	move_to_raw_data
result/profiling/bandwidth.log	raw	runner/PBS 直接出力 (stdout/stderr/測定TSV/ログ/nsys/job manifest)	raw_data/profiling/job_2359175_20260711/bandwidth.log	baf4c915449ca7f65aa079f325142bed1f67e2e00e87752881d327065ff9c80f	yes	result/profiling/SOURCE.md	move_to_raw_data
result/profiling/um_prefetch_gpu_opt.console.log	raw	runner/PBS 直接出力 (stdout/stderr/測定TSV/ログ/nsys/job manifest)	raw_data/profiling/job_2359175_20260711/um_prefetch_gpu_opt.console.log	81c66d51ea7a603ef21c6500541c2d658caca294b2d6e6e0516be1dbf482823f	yes	result/profiling/SOURCE.md	move_to_raw_data
result/profiling/um_prefetch_gpu_opt.nsys-rep	raw	runner/PBS 直接出力 (stdout/stderr/測定TSV/ログ/nsys/job manifest)	raw_data/profiling/job_2359175_20260711/um_prefetch_gpu_opt.nsys-rep	898185885b9c7ac01776c76570d6966e1f239fb25c65ce0bc904aa94c1e0b60e	yes	result/profiling/SOURCE.md	move_to_raw_data
result/profiling/um_prefetch_gpu_opt.stats.txt	raw	runner/PBS 直接出力 (stdout/stderr/測定TSV/ログ/nsys/job manifest)	raw_data/profiling/job_2359175_20260711/um_prefetch_gpu_opt.stats.txt	2d992451a3e01c4387d4d351eaa4e33e12fe942f3e38d04f0cde69e0e7e9afb3	yes	result/profiling/SOURCE.md	move_to_raw_data
result/provenance/provenance.md	documentation	README/SOURCE/索引/主張文書	result/provenance/provenance.md	b97f90b1f58850f1305b74f9f07cd02f04f2bd295bd4dfae1444cfcb97d3ead4	yes		keep_in_result
result/provenance/um_code_diff_audit.md	documentation	README/SOURCE/索引/主張文書	result/provenance/um_code_diff_audit.md	85247c838c006059a394abe875f67377bc045d7833fb6b5ca1b3c57c304d8fb1	yes		keep_in_result
result/tables/final_speedup_tables.md	derived	解析・集計・比較の後処理生成物	result/tables/final_speedup_tables.md	2b23f72a427691dda7e899b86b36434d09a406a6bea0f57821cca5175b80edd2	yes		keep_in_result
result/tuning/kernel_selection/SOURCE.md	documentation	README/SOURCE/索引/主張文書	result/tuning/kernel_selection/SOURCE.md	28eeb9ea467d84a0cf2c2c9338f2f50f288055579fa3b40dc14ca883c63c4e70	yes		keep_in_result
result/tuning/kernel_selection/roadNet-PA/kernel_selection.log	raw	runner/PBS 直接出力 (stdout/stderr/測定TSV/ログ/nsys/job manifest)	raw_data/tuning/kernel_selection/roadNet-PA/gpu_opt_forced/job_2354329_20260710/kernel_selection.log	67078f2a2b153bd2350e0104b3efb20bdb9ab91a8b81212b017f3d3c39321315	yes	result/tuning/kernel_selection/*/kernel_selection_summary.md	move_to_raw_data
result/tuning/kernel_selection/roadNet-PA/kernel_selection_contributions.tsv	derived	解析・集計・比較の後処理生成物	result/tuning/kernel_selection/roadNet-PA/kernel_selection_contributions.tsv	3bbea03c4893cfe9c21d8e25e73efdbb1cd8a06e594492f2f99d9df2a3e40ea1	yes		keep_in_result
result/tuning/kernel_selection/roadNet-PA/kernel_selection_max_bc.tsv	raw	runner/PBS 直接出力 (stdout/stderr/測定TSV/ログ/nsys/job manifest)	raw_data/tuning/kernel_selection/roadNet-PA/gpu_opt_forced/job_2354329_20260710/kernel_selection_max_bc.tsv	38adae01a9500af8b23b0d9b73b8758553be2b3ca25e31a0ae8d3aa53fcb2fdc	yes	result/tuning/kernel_selection/*/kernel_selection_summary.md	move_to_raw_data
result/tuning/kernel_selection/roadNet-PA/kernel_selection_results.tsv	raw	runner/PBS 直接出力 (stdout/stderr/測定TSV/ログ/nsys/job manifest)	raw_data/tuning/kernel_selection/roadNet-PA/gpu_opt_forced/job_2354329_20260710/kernel_selection_results.tsv	4567be8edc0b32339cf32cbc806f68d128650d739b5247e316327f0201c04a22	yes	result/tuning/kernel_selection/*/kernel_selection_summary.md	move_to_raw_data
result/tuning/kernel_selection/roadNet-PA/kernel_selection_summary.md	derived	解析・集計・比較の後処理生成物	result/tuning/kernel_selection/roadNet-PA/kernel_selection_summary.md	b7ba683df75ef4714c74c43ecc19fa073bdef05f141ba12a395561183504feba	yes		keep_in_result
result/tuning/kernel_selection/roadNet-TX/kernel_selection.log	raw	runner/PBS 直接出力 (stdout/stderr/測定TSV/ログ/nsys/job manifest)	raw_data/tuning/kernel_selection/roadNet-TX/gpu_opt_forced/job_2354330_20260710/kernel_selection.log	0b2b41253446f0d3bbf3aa2113ccf295b9531037639409d6f489ca236f9d85f4	yes	result/tuning/kernel_selection/*/kernel_selection_summary.md	move_to_raw_data
result/tuning/kernel_selection/roadNet-TX/kernel_selection_contributions.tsv	derived	解析・集計・比較の後処理生成物	result/tuning/kernel_selection/roadNet-TX/kernel_selection_contributions.tsv	09b30e4134ff014fc4d85422b93fbaa1ab4977dc30685abf929fb2947ed77e79	yes		keep_in_result
result/tuning/kernel_selection/roadNet-TX/kernel_selection_max_bc.tsv	raw	runner/PBS 直接出力 (stdout/stderr/測定TSV/ログ/nsys/job manifest)	raw_data/tuning/kernel_selection/roadNet-TX/gpu_opt_forced/job_2354330_20260710/kernel_selection_max_bc.tsv	13205ab081164737468f0048cfad39def10950b1bc277c02876a6d453bf586d5	yes	result/tuning/kernel_selection/*/kernel_selection_summary.md	move_to_raw_data
result/tuning/kernel_selection/roadNet-TX/kernel_selection_results.tsv	raw	runner/PBS 直接出力 (stdout/stderr/測定TSV/ログ/nsys/job manifest)	raw_data/tuning/kernel_selection/roadNet-TX/gpu_opt_forced/job_2354330_20260710/kernel_selection_results.tsv	c336a81787c5499f94f64e046457a59781f1673d9737865164955e61dcb10da0	yes	result/tuning/kernel_selection/*/kernel_selection_summary.md	move_to_raw_data
result/tuning/kernel_selection/roadNet-TX/kernel_selection_summary.md	derived	解析・集計・比較の後処理生成物	result/tuning/kernel_selection/roadNet-TX/kernel_selection_summary.md	ad88062a78b46049d6c926df2e994378833605614cf557c444a6dc10b66746b1	yes		keep_in_result
result/tuning/pathmerge/325557/SOURCE.md	documentation	README/SOURCE/索引/主張文書	result/tuning/pathmerge/325557/SOURCE.md	85e97b4d493a61bcaaa6a4d940ae89e8ac952e61acc9c8468eddb482ada86bbd	yes		keep_in_result
result/tuning/pathmerge/325557/pathmerge_sweep.log	raw	runner/PBS 直接出力 (stdout/stderr/測定TSV/ログ/nsys/job manifest)	raw_data/tuning/pathmerge/325557/pathmerge_bc/job_multi_20260710/pathmerge_sweep.log	5caa7fcc9838ccca9a72caef605bc2cf3237b9508af0ec4a2d856f4b51acd11f	yes	result/main_performance/proposed_vs_pathmerge/comparison.tsv; result/tables/final_speedup_tables.md	move_to_raw_data
result/tuning/pathmerge/325557/pathmerge_sweep_results.tsv	raw	runner/PBS 直接出力 (stdout/stderr/測定TSV/ログ/nsys/job manifest)	raw_data/tuning/pathmerge/325557/pathmerge_bc/job_multi_20260710/pathmerge_sweep_results.tsv	f5a659daecf52fa19ee0bc0c2727f63a59843b9073c5a3c6d6512b405a1b9837	yes	result/main_performance/proposed_vs_pathmerge/comparison.tsv; result/tables/final_speedup_tables.md	move_to_raw_data
result/tuning/pathmerge/SOURCE.md	documentation	README/SOURCE/索引/主張文書	result/tuning/pathmerge/SOURCE.md	d46168d4c86791f119b61627c8308d689335cc79c1c67082f7a1edf2e008cb4e	yes		keep_in_result
result/tuning/pathmerge/email-EuAll/email_smallbatch_trial1.tsv	raw	runner/PBS 直接出力 (stdout/stderr/測定TSV/ログ/nsys/job manifest)	raw_data/tuning/pathmerge/email-EuAll/pathmerge_bc/job_multi_20260710/email_smallbatch_trial1.tsv	4ac33b396d3c088f68a594ca960531c891253d327a4798807f99f45998e7b15b	yes	result/main_performance/proposed_vs_pathmerge/comparison.tsv; result/tables/final_speedup_tables.md	move_to_raw_data
result/tuning/pathmerge/email-EuAll/pathmerge_sweep.log	raw	runner/PBS 直接出力 (stdout/stderr/測定TSV/ログ/nsys/job manifest)	raw_data/tuning/pathmerge/email-EuAll/pathmerge_bc/job_multi_20260710/pathmerge_sweep.log	767c2c0acd11856fc03ffda18139e0602555e2e766eae1e003ece0d7cb77c60a	yes	result/main_performance/proposed_vs_pathmerge/comparison.tsv; result/tables/final_speedup_tables.md	move_to_raw_data
result/tuning/pathmerge/email-EuAll/pathmerge_sweep_results.tsv	raw	runner/PBS 直接出力 (stdout/stderr/測定TSV/ログ/nsys/job manifest)	raw_data/tuning/pathmerge/email-EuAll/pathmerge_bc/job_multi_20260710/pathmerge_sweep_results.tsv	7717836d797e3afb5bb62b77180dc625eea180d9ad83bf3e26d5b40cc33304a5	yes	result/main_performance/proposed_vs_pathmerge/comparison.tsv; result/tables/final_speedup_tables.md	move_to_raw_data
result/tuning/pathmerge/roadNet-CA/SOURCE.md	documentation	README/SOURCE/索引/主張文書	result/tuning/pathmerge/roadNet-CA/SOURCE.md	09a31537635d230f2dac42049ae8546f6742e76030a92f3121063f3c8fc04d70	yes		keep_in_result
result/tuning/pathmerge/roadNet-CA/pathmerge_sweep_results.tsv	raw	runner/PBS 直接出力 (stdout/stderr/測定TSV/ログ/nsys/job manifest)	raw_data/tuning/pathmerge/roadNet-CA/pathmerge_bc/job_multi_20260710/pathmerge_sweep_results.tsv	06a6adae0340f762893b81ad10afc5b451edb2dfac1caba8c1a6c0ae231c2792	yes	result/main_performance/proposed_vs_pathmerge/comparison.tsv; result/tables/final_speedup_tables.md	move_to_raw_data
result/tuning/pathmerge/roadNet-PA/SOURCE.md	documentation	README/SOURCE/索引/主張文書	result/tuning/pathmerge/roadNet-PA/SOURCE.md	ab2383675dde93baaf652c2414e63774e567d5cf8e4234917087d9bb897cda81	yes		keep_in_result
result/tuning/pathmerge/roadNet-PA/pathmerge_sweep.log	raw	runner/PBS 直接出力 (stdout/stderr/測定TSV/ログ/nsys/job manifest)	raw_data/tuning/pathmerge/roadNet-PA/pathmerge_bc/job_multi_20260710/pathmerge_sweep.log	59418cba3c0d6e52b8c25a350cb33f37e18795756c7e166bc041553e0f8e6f29	yes	result/main_performance/proposed_vs_pathmerge/comparison.tsv; result/tables/final_speedup_tables.md	move_to_raw_data
result/tuning/pathmerge/roadNet-PA/pathmerge_sweep_results.tsv	raw	runner/PBS 直接出力 (stdout/stderr/測定TSV/ログ/nsys/job manifest)	raw_data/tuning/pathmerge/roadNet-PA/pathmerge_bc/job_multi_20260710/pathmerge_sweep_results.tsv	2e7c13ce9ff659e1d2128a2ae5f057685898182fb910c7af55937d09914a378f	yes	result/main_performance/proposed_vs_pathmerge/comparison.tsv; result/tables/final_speedup_tables.md	move_to_raw_data
result/tuning/pathmerge/roadNet-TX/SOURCE.md	documentation	README/SOURCE/索引/主張文書	result/tuning/pathmerge/roadNet-TX/SOURCE.md	7ae961813c37b667541dd70cc4efbab0b5a3d60d58c55c580af22208f2582ba4	yes		keep_in_result
result/tuning/pathmerge/roadNet-TX/pathmerge_sweep_results.tsv	raw	runner/PBS 直接出力 (stdout/stderr/測定TSV/ログ/nsys/job manifest)	raw_data/tuning/pathmerge/roadNet-TX/pathmerge_bc/job_multi_20260710/pathmerge_sweep_results.tsv	c5e171c1d43186438e8fab2357e491af17df26a735ed2c47144e20dbcd57d43d	yes	result/main_performance/proposed_vs_pathmerge/comparison.tsv; result/tables/final_speedup_tables.md	move_to_raw_data
thesis_bc_project/build_miyabi/result_profiling_20260711_092110_2359175/ablation_H1W1A0.sqlite	excluded_regeneratable	Gate J1.1: nsys .sqlite は追跡済み .nsys-rep から `nsys export --type sqlite` で再生成可能	raw_data/profiling/job_2359175_20260711/ablation_H1W1A0.nsys-rep	8e573b8ef1bc7fcc75e04ebdc2d7934630a3aa0aa637ccce98566584de444b31	no		keep_external_regeneratable
thesis_bc_project/build_miyabi/result_profiling_20260711_092110_2359175/ablation_H1W1A1.sqlite	excluded_regeneratable	Gate J1.1: nsys .sqlite は追跡済み .nsys-rep から `nsys export --type sqlite` で再生成可能	raw_data/profiling/job_2359175_20260711/ablation_H1W1A1.nsys-rep	353c4b758e8541acf163dbddb74226a452699f6c4ef35aef46261039728f21aa	no		keep_external_regeneratable
thesis_bc_project/build_miyabi/result_profiling_20260711_092110_2359175/um_prefetch_gpu_opt.sqlite	excluded_regeneratable	Gate J1.1: nsys .sqlite は追跡済み .nsys-rep から `nsys export --type sqlite` で再生成可能	raw_data/profiling/job_2359175_20260711/um_prefetch_gpu_opt.nsys-rep	7ae4900c82d9379b72e1bb5a0a1c3f16dacc3d100bb8acec5a087c8998342852	no		keep_external_regeneratable
thesis_bc_project/build_miyabi/phaseB_verify_out/auto_benchmark_7000_41459.err	raw	Gate J1.1: kernel 選択検証の BC ベクトル/err（<100MB, 論文の kernel selection 検証に必要）→ raw_data へ移行	raw_data/tuning/kernel_selection/benchmark_7000_41459/block/gpu_opt/job_2355971_20260710/auto_benchmark_7000_41459.err	3144d344831c83bac14609d8d35bac7557c68a4202f23e03c249a8a999a3aa43	yes		rescued_external_to_raw_data
thesis_bc_project/build_miyabi/phaseB_verify_out/auto_email-EuAll.err	raw	Gate J1.1: kernel 選択検証の BC ベクトル/err（<100MB, 論文の kernel selection 検証に必要）→ raw_data へ移行	raw_data/tuning/kernel_selection/email-EuAll/block/gpu_opt/job_2355971_20260710/auto_email-EuAll.err	2cac11c886b149b2c53350274ae79fd963f2c54dbd95d09e9c6c78e3b3f3d490	yes		rescued_external_to_raw_data
thesis_bc_project/build_miyabi/phaseB_verify_out/bc_auto_benchmark_7000_41459.txt	raw	Gate J1.1: kernel 選択検証の BC ベクトル/err（<100MB, 論文の kernel selection 検証に必要）→ raw_data へ移行	raw_data/tuning/kernel_selection/benchmark_7000_41459/block/gpu_opt/job_2355971_20260710/bc_auto_benchmark_7000_41459.txt	e199e3a738a06dc0baa09dbcc02af193fbd3df36e745c8a005a8d1058662da5a	yes		rescued_external_to_raw_data
thesis_bc_project/build_miyabi/phaseB_verify_out/bc_auto_email-EuAll.txt	raw	Gate J1.1: kernel 選択検証の BC ベクトル/err（<100MB, 論文の kernel selection 検証に必要）→ raw_data へ移行	raw_data/tuning/kernel_selection/email-EuAll/block/gpu_opt/job_2355971_20260710/bc_auto_email-EuAll.txt	7f7f955678dbfab3c2f42b65540412828548c832f3d719dfeb61069e74bdb3bf	yes		rescued_external_to_raw_data
thesis_bc_project/build_miyabi/phaseB_verify_out/bc_shared_benchmark_7000_41459.txt	raw	Gate J1.1: kernel 選択検証の BC ベクトル/err（<100MB, 論文の kernel selection 検証に必要）→ raw_data へ移行	raw_data/tuning/kernel_selection/benchmark_7000_41459/shared/gpu_opt/job_2355971_20260710/bc_shared_benchmark_7000_41459.txt	07676a33e384c36bb17ced9d5ea439bae46b2ed402cb71737ea6649acb4ec542	yes		rescued_external_to_raw_data
thesis_bc_project/build_miyabi/phaseB_verify_out/bc_shared_email-EuAll.txt	raw	Gate J1.1: kernel 選択検証の BC ベクトル/err（<100MB, 論文の kernel selection 検証に必要）→ raw_data へ移行	raw_data/tuning/kernel_selection/email-EuAll/shared/gpu_opt/job_2355971_20260710/bc_shared_email-EuAll.txt	2396204b09010f87264872f5595f9de6c7c16fcefc45218caec4dd9b557782ec	yes		rescued_external_to_raw_data
thesis_bc_project/build_miyabi/phaseB_verify_out/shared_benchmark_7000_41459.err	raw	Gate J1.1: kernel 選択検証の BC ベクトル/err（<100MB, 論文の kernel selection 検証に必要）→ raw_data へ移行	raw_data/tuning/kernel_selection/benchmark_7000_41459/shared/gpu_opt/job_2355971_20260710/shared_benchmark_7000_41459.err	3fee448e9a04d9adf9ce11f906fcbf7665f65c905c464f16e3d18320123eb505	yes		rescued_external_to_raw_data
thesis_bc_project/build_miyabi/phaseB_verify_out/shared_email-EuAll.err	raw	Gate J1.1: kernel 選択検証の BC ベクトル/err（<100MB, 論文の kernel selection 検証に必要）→ raw_data へ移行	raw_data/tuning/kernel_selection/email-EuAll/shared/gpu_opt/job_2355971_20260710/shared_email-EuAll.err	ef0677c6c094e24d8036012aac84c4159f0cabcad591f9f0a0ea13240ff66633	yes		rescued_external_to_raw_data
thesis_bc_project/bc_ablation.o2354994	raw	Gate J1.1: 保持実験の起源 PBS ログ → 対応 raw 実験dir へ pbs_stdout.log として移行	raw_data/ablation/synthetic/job_2354994_20260710/pbs_stdout.log	d01e287fc7af6e117de37e9deea5e420d9938f7cc43029256c1faba50283e104	provenance		rescued_external_to_raw_data
thesis_bc_project/bc_ablation.o2354999	raw	Gate J1.1: 保持実験の起源 PBS ログ → 対応 raw 実験dir へ pbs_stdout.log として移行	raw_data/ablation/email-EuAll/job_2354999_20260710/pbs_stdout.log	ff223c9737f21315098806bcc33fa251842dbbf5203eb3e8c8758d7fe5866d2f	provenance		rescued_external_to_raw_data
thesis_bc_project/bc_build_smoke.o2360062	excluded_not_used	Gate J1.1: T0.3 clean build + block smoke test（実験データなし; 再ビルドで再現可, 論文非引用）	-	34f00d6fc7fffbb89757fefc73631ae99b06ce5d0554609a442a29905783c062	no		exclude_not_used
thesis_bc_project/bc_ca_b16.o2361041	raw	Gate J1.1: 保持実験の起源 PBS ログ → 対応 raw 実験dir へ pbs_stdout.log として移行	raw_data/tuning/pathmerge/roadNet-CA/pathmerge_bc/job_2361041_20260711/pbs_stdout.log	0e13159042dab2365ea7a8f868a242b3c84513559132386c2ff1a02aacd35195	provenance		rescued_external_to_raw_data
thesis_bc_project/bc_ca_confirm.o2362006	raw	Gate J1.1: 保持実験の起源 PBS ログ → 対応 raw 実験dir へ pbs_stdout.log として移行	raw_data/tuning/pathmerge/roadNet-CA/pathmerge_bc/job_2362006_20260711/pbs_stdout.log	b0b78844453a0d7a30d85a1493acba0dc07a8e56100a0d649dddff3615f430c4	provenance		rescued_external_to_raw_data
thesis_bc_project/bc_ca_correct.o2362965	raw	Gate J1.1: 保持実験の起源 PBS ログ → 対応 raw 実験dir へ pbs_stdout.log として移行	raw_data/tuning/pathmerge/roadNet-CA/pathmerge_bc/job_2362965_20260711/pbs_stdout.log	09aa7d33e6e5e38c039ee37f7cc25db546c929bdb78e6bc7165ec60cef9ec46a	provenance		rescued_external_to_raw_data
thesis_bc_project/bc_ca_screen.o2360073	raw	Gate J1.1: 保持実験の起源 PBS ログ → 対応 raw 実験dir へ pbs_stdout.log として移行	raw_data/tuning/pathmerge/roadNet-CA/pathmerge_bc/job_2360073_20260711/pbs_stdout.log	f871bde69e704c41867759d7caf692660c005c6f8008ddd904b7cceffef60eb6	provenance		rescued_external_to_raw_data
thesis_bc_project/bc_kernel_sel.o2354329	raw	Gate J1.1: 保持実験の起源 PBS ログ → 対応 raw 実験dir へ pbs_stdout.log として移行	raw_data/tuning/kernel_selection/roadNet-PA/gpu_opt_forced/job_2354329_20260710/pbs_stdout.log	7150702abada0c176a8d437f2da89dd140fcdbce491acca578642f0aa372c3e0	provenance		rescued_external_to_raw_data
thesis_bc_project/bc_kernel_sel.o2354330	raw	Gate J1.1: 保持実験の起源 PBS ログ → 対応 raw 実験dir へ pbs_stdout.log として移行	raw_data/tuning/kernel_selection/roadNet-TX/gpu_opt_forced/job_2354330_20260710/pbs_stdout.log	a7f5b42c4d0b2d4649bd05531e44299a1724e0234cca0ea47db2fc70b1b9db65	provenance		rescued_external_to_raw_data
thesis_bc_project/bc_phaseB_verify.o2355971	raw	Gate J1.1: 保持実験の起源 PBS ログ → 対応 raw 実験dir へ pbs_stdout.log として移行	raw_data/tuning/kernel_selection/_phaseB_verify/job_2355971_20260710/pbs_stdout.log	e28c473826e11bb9ac778503d300684fb32704955c7dd841a523fa45de95b55c	provenance		rescued_external_to_raw_data
thesis_bc_project/bc_pm_correct.o2360074	raw	Gate J1.1: 保持実験の起源 PBS ログ → 対応 raw 実験dir へ pbs_stdout.log として移行	raw_data/tuning/pathmerge/email-EuAll/pathmerge_bc/job_2360074_20260711/pbs_stdout.log	3dbbf61773f94ba4f77544880cd058e813ed507a9c4256bae745280a64dce9d5	provenance		rescued_external_to_raw_data
thesis_bc_project/bc_pm_sweep.o2355000	raw	Gate J1.1: 保持実験の起源 PBS ログ → 対応 raw 実験dir へ pbs_stdout.log として移行	raw_data/tuning/pathmerge/325557/pathmerge_bc/job_2355000_20260710/pbs_stdout.log	1cb0314e2cc000996a7367964daa3746825c6634a9cee9fc98f7e948b0437909	provenance		rescued_external_to_raw_data
thesis_bc_project/bc_pm_sweep.o2355001	raw	Gate J1.1: 保持実験の起源 PBS ログ → 対応 raw 実験dir へ pbs_stdout.log として移行	raw_data/tuning/pathmerge/roadNet-PA/pathmerge_bc/job_2355001_20260710/pbs_stdout.log	3e6b3d1670c1eea24940f1499cac684ef609e157b86325643f72864b4b74600c	provenance		rescued_external_to_raw_data
thesis_bc_project/bc_pm_sweep.o2359080	raw	Gate J1.1: 保持実験の起源 PBS ログ → 対応 raw 実験dir へ pbs_stdout.log として移行	raw_data/unsuccessful/early_terminated/pathmerge_sweep/roadNet-PA/job_2359080_20260711/pbs_stdout.log	4795544e9ed96f8b5159b331bff5f7323f31ddedcee68753ee0366c6b88feee7	provenance		rescued_external_to_raw_data
thesis_bc_project/bc_pm_sweep.o2359081	raw	Gate J1.1: 保持実験の起源 PBS ログ → 対応 raw 実験dir へ pbs_stdout.log として移行	raw_data/tuning/pathmerge/325557/pathmerge_bc/job_2359081_20260711/pbs_stdout.log	940bd7473845fd82685163fe447e7fa952858b352a4dece50b2bbacc88ea8c05	provenance		rescued_external_to_raw_data
thesis_bc_project/bc_pm_sweep.o2359096	raw	Gate J1.1: 保持実験の起源 PBS ログ → 対応 raw 実験dir へ pbs_stdout.log として移行	raw_data/unsuccessful/early_terminated/pathmerge_sweep/email-EuAll/job_2359096_20260711/pbs_stdout.log	f4b34fade3acbab7ef042330d320df4515906ed66c894ccca94f331cfacdfb83	provenance		rescued_external_to_raw_data
thesis_bc_project/bc_pm_sweep.o2359169	raw	Gate J1.1: 保持実験の起源 PBS ログ → 対応 raw 実験dir へ pbs_stdout.log として移行	raw_data/tuning/pathmerge/email-EuAll/pathmerge_bc/job_2359169_20260711/pbs_stdout.log	25617f02e121aaf09d2ecfdc3585ef81bb5565d1f445b718076fc4ce393c85fe	provenance		rescued_external_to_raw_data
thesis_bc_project/bc_profiling.o2359175	raw	Gate J1.1: 保持実験の起源 PBS ログ → 対応 raw 実験dir へ pbs_stdout.log として移行	raw_data/profiling/job_2359175_20260711/pbs_stdout.log	ac08fdb671816c8f4910620291e5563bced86f28348ac44d8289b2a8442f5fc1	provenance		rescued_external_to_raw_data
thesis_bc_project/bc_targeted.o2356120	excluded_not_used	Gate J1.1: email-EuAll gpu_opt 3試行の先行run（保持 email 性能は job 2357334 の5試行; 本runは非保持=supersededで論文非引用）	-	f579c9ed9a1707fd6760529838c556049bf5b0124f070ddcfcab9061ffd7cc82	no		exclude_not_used
thesis_bc_project/bc_targeted.o2357334	raw	Gate J1.1: 保持実験の起源 PBS ログ → 対応 raw 実験dir へ pbs_stdout.log として移行	raw_data/main_performance/proposed_variants/email-EuAll/_run/job_2357334_20260711/pbs_stdout.log	31bdc3a67486382edfc1555c2241decdaa19d355dfaccc5db279955de77b1b0b	provenance		rescued_external_to_raw_data
thesis_bc_project/bc_targeted.o2357335	raw	Gate J1.1: 保持実験の起源 PBS ログ → 対応 raw 実験dir へ pbs_stdout.log として移行	raw_data/main_performance/proposed_variants/roadNet-PA/_run/job_2357334_20260711/pbs_stdout.log	9f3828311a1eda75a637b0accea1f855041fa51e875bdc254d8f0ead53ebd372	provenance		rescued_external_to_raw_data
thesis_bc_project/bc_targeted.o2357336	raw	Gate J1.1: 保持実験の起源 PBS ログ → 対応 raw 実験dir へ pbs_stdout.log として移行	raw_data/main_performance/proposed_variants/roadNet-TX/_run/job_2357334_20260711/pbs_stdout.log	ce97d68a712b9c5733fc0027374569f52441b94a1301098247b1189b783d668f	provenance		rescued_external_to_raw_data
thesis_bc_project/bc_targeted.o2357337	raw	Gate J1.1: 保持実験の起源 PBS ログ → 対応 raw 実験dir へ pbs_stdout.log として移行	raw_data/main_performance/proposed_variants/roadNet-CA/_run/job_2357334_20260711/pbs_stdout.log	dbb6fa171f3772e725bf7ca118cefb6b884d3323789ca397448e42108b8d1fcc	provenance		rescued_external_to_raw_data
thesis_bc_project/bc_tx_confirm.o2361040	raw	Gate J1.1: 保持実験の起源 PBS ログ → 対応 raw 実験dir へ pbs_stdout.log として移行	raw_data/tuning/pathmerge/roadNet-TX/pathmerge_bc/job_2361040_20260711/pbs_stdout.log	c0525c695d7e9c4ff4f5094391f11dd72875f380d1496bc3f81e7846e9c37e3e	provenance		rescued_external_to_raw_data
thesis_bc_project/bc_tx_screen.o2360072	raw	Gate J1.1: 保持実験の起源 PBS ログ → 対応 raw 実験dir へ pbs_stdout.log として移行	raw_data/tuning/pathmerge/roadNet-TX/pathmerge_bc/job_2360072_20260711/pbs_stdout.log	f3939bd4849759323d510634264166d1c11ad643496511d3d4653bd4de8f9885	provenance		rescued_external_to_raw_data
thesis_bc_project/result_0709/bc_ablation.o2349659	excluded_not_used	Gate J1.1: 2026-07-09 旧run ablation(4graph)（保持 ablation は 07-10 synthetic/email; データ非保持=superseded, 論文非引用）	-	c27c6e957a0c020f95e6c7ea20e3556787f8672a8712dd83c4d87b58737f8239	no		exclude_not_used
thesis_bc_project/result_0709/bc_ablation.o2349660	excluded_not_used	Gate J1.1: 2026-07-09 旧run ablation(email)（07-10 job 2354999 に置換; データ非保持=superseded, 論文非引用）	-	1729b7a0fa0cf3db7753ccffb025c023f663ccb1e3dac055e09a8f6cdfcda0e0	no		exclude_not_used
thesis_bc_project/result_0709/bc_kernel_sel.o2349661	excluded_not_used	Gate J1.1: 2026-07-09 旧run kernel selection（保持は 07-10 roadNet-PA/TX; データ非保持=superseded, 論文非引用）	-	e585cd5efec1314b62a9d58e7ffc6c7e5d23f616d7b8cdb6ccb958f58cd49c66	no		exclude_not_used
thesis_bc_project/result_0709/bc_pm_sweep.o2350440	excluded_not_used	Gate J1.1: 2026-07-09 旧run PathMerge sweep roadNet-PA（07-10 以降の sweep に置換; データ非保持=superseded, 論文非引用）	-	23261c6d58690cbae05126ffca92739542b80ecc8644be7dc6e687800a80c9bb	no		exclude_not_used
thesis_bc_project/result_0709/bc_pm_sweep.o2350446	excluded_not_used	Gate J1.1: 2026-07-09 旧run PathMerge sweep 325557（07-10 以降の sweep に置換; データ非保持=superseded, 論文非引用）	-	332f966b69bbc7cab8233c69c5c3eb90944c5c5cf9c0df7394881a0a4ef8eeb6	no		exclude_not_used
thesis_bc_project/build_miyabi/result_*/	directory_record	Gate J1.1: gitignored ビルド成果物ディレクトリの補助記録（一意な external データではなく origin のみ）	-	n/a	no		keep_external_directory_record
