OriginalPath	CanonicalPath	SizeBytes	OriginalSHA256	CanonicalSHA256	HashMatch	CheckpointSHA	GraphSHA256	PBSJobID	Purpose
build_miyabi/result_corrected_325557_20260717_215817_2404743.opbs/MANIFEST.txt	raw_data/corrected_325557/job_2404743/MANIFEST.txt	1470	d27126a1d56ce323533d7a9fa93a0010f12dd894dce4b7ba2901caa7a64bdb37	d27126a1d56ce323533d7a9fa93a0010f12dd894dce4b7ba2901caa7a64bdb37	yes	45352a344aaac463283a647467b790be9b45bfb8	8373244f209a3ee489fe72a7b237a5639d142e3a10ac451a2c81b09194eeaa22	2404743.opbs	job provenance manifest (checkpoint/graph/runner/policy)
build_miyabi/result_corrected_325557_20260717_215817_2404743.opbs/run.log	raw_data/corrected_325557/job_2404743/run.log	34539	a94e7447f22f4c2835cbf7586d83d17cd2f1c768af454d3b243c0b15990c1e7d	a94e7447f22f4c2835cbf7586d83d17cd2f1c768af454d3b243c0b15990c1e7d	yes	45352a344aaac463283a647467b790be9b45bfb8	8373244f209a3ee489fe72a7b237a5639d142e3a10ac451a2c81b09194eeaa22	2404743.opbs	orchestrator run log (stdout of runner harness)
build_miyabi/result_corrected_325557_20260717_215817_2404743.opbs/graph_validation.json	raw_data/corrected_325557/job_2404743/graph_validation.json	2305	95fdf972fd75d2fcf75fd265c1a666b658f3af01c04db41767f77e367044f4f8	95fdf972fd75d2fcf75fd265c1a666b658f3af01c04db41767f77e367044f4f8	yes	45352a344aaac463283a647467b790be9b45bfb8	8373244f209a3ee489fe72a7b237a5639d142e3a10ac451a2c81b09194eeaa22	2404743.opbs	corrected graph structural validation
build_miyabi/result_corrected_325557_20260717_215817_2404743.opbs/implementation_manifest.tsv	raw_data/corrected_325557/job_2404743/implementation_manifest.tsv	6923	6742817728cba57ce926dbbf57737ec6b4c2351fb97c71211e3aef710ffce850	6742817728cba57ce926dbbf57737ec6b4c2351fb97c71211e3aef710ffce850	yes	45352a344aaac463283a647467b790be9b45bfb8	8373244f209a3ee489fe72a7b237a5639d142e3a10ac451a2c81b09194eeaa22	2404743.opbs	per-impl batch/NS/allocation record
build_miyabi/result_corrected_325557_20260717_215817_2404743.opbs/feasibility_results.tsv	raw_data/corrected_325557/job_2404743/feasibility_results.tsv	868	21794bed28c6dde3d06875deff827458d519bcd124b2bf2a9a1499e45c9b496c	21794bed28c6dde3d06875deff827458d519bcd124b2bf2a9a1499e45c9b496c	yes	45352a344aaac463283a647467b790be9b45bfb8	8373244f209a3ee489fe72a7b237a5639d142e3a10ac451a2c81b09194eeaa22	2404743.opbs	capacity-boundary feasibility outcomes
build_miyabi/result_corrected_325557_20260717_215817_2404743.opbs/vector_inventory.tsv	raw_data/corrected_325557/job_2404743/vector_inventory.tsv	2534	9396ddb788711314d109039d22a6f49fcbe0457a8904c0580ba7fc70cf77498c	9396ddb788711314d109039d22a6f49fcbe0457a8904c0580ba7fc70cf77498c	yes	45352a344aaac463283a647467b790be9b45bfb8	8373244f209a3ee489fe72a7b237a5639d142e3a10ac451a2c81b09194eeaa22	2404743.opbs	6-vector inventory with SHA256
build_miyabi/result_corrected_325557_20260717_215817_2404743.opbs/comparison_matrix.tsv	raw_data/corrected_325557/job_2404743/comparison_matrix.tsv	4134	12cbeb386a65b7fd566e6ce3434919c94d42abc225fb5c52a5d3d18495579b14	12cbeb386a65b7fd566e6ce3434919c94d42abc225fb5c52a5d3d18495579b14	yes	45352a344aaac463283a647467b790be9b45bfb8	8373244f209a3ee489fe72a7b237a5639d142e3a10ac451a2c81b09194eeaa22	2404743.opbs	10 pairwise comparison summary
build_miyabi/result_corrected_325557_20260717_215817_2404743.opbs/oom_evidence.tsv	raw_data/corrected_325557/job_2404743/oom_evidence.tsv	1308	bb547b2804c5fed31d07262d4d803629a48cc355948811563883d0dd69923377	bb547b2804c5fed31d07262d4d803629a48cc355948811563883d0dd69923377	yes	45352a344aaac463283a647467b790be9b45bfb8	8373244f209a3ee489fe72a7b237a5639d142e3a10ac451a2c81b09194eeaa22	2404743.opbs	strong-evidence-only OOM classification
bc_corr325557.o2404743	raw_data/corrected_325557/job_2404743/pbs_stdout.log	10130	3c4c46680f9432b94fef79ca9344027ad77195973d075b8019379f934feb8ec5	3c4c46680f9432b94fef79ca9344027ad77195973d075b8019379f934feb8ec5	yes	45352a344aaac463283a647467b790be9b45bfb8	8373244f209a3ee489fe72a7b237a5639d142e3a10ac451a2c81b09194eeaa22	2404743.opbs	PBS stdout (.o2404743) copied verbatim; gitignored at source name
build_miyabi/result_corrected_325557_20260717_215817_2404743.opbs/gpu_opt_b1024.bc.tsv	raw_data/corrected_325557/job_2404743/vectors/gpu_opt_b1024.bc.tsv	9330105	adc6270b15aba9201c7667460b235d0e3762dcb9e529e6390bc5db218d738796	adc6270b15aba9201c7667460b235d0e3762dcb9e529e6390bc5db218d738796	yes	45352a344aaac463283a647467b790be9b45bfb8	8373244f209a3ee489fe72a7b237a5639d142e3a10ac451a2c81b09194eeaa22	2404743.opbs	per-vertex BC vector (gpu_opt_b1024); full-vector re-audit input
build_miyabi/result_corrected_325557_20260717_215817_2404743.opbs/gpu_opt_b1024.stderr.log	raw_data/corrected_325557/job_2404743/vectors/gpu_opt_b1024.stderr.log	744	fd64dac42505735833aa5d9d0103d97f7c40d37af1e18636b216cc745223dc52	fd64dac42505735833aa5d9d0103d97f7c40d37af1e18636b216cc745223dc52	yes	45352a344aaac463283a647467b790be9b45bfb8	8373244f209a3ee489fe72a7b237a5639d142e3a10ac451a2c81b09194eeaa22	2404743.opbs	runner stderr for gpu_opt_b1024 (phase timing / max BC)
build_miyabi/result_corrected_325557_20260717_215817_2404743.opbs/gpu_opt_b1024.vector_validation.json	raw_data/corrected_325557/job_2404743/validation/gpu_opt_b1024.vector_validation.json	558	7e38ca5f9e18585e229e6f2fc426f16c55d4f29cb52a690a2130dcee74ee88b6	7e38ca5f9e18585e229e6f2fc426f16c55d4f29cb52a690a2130dcee74ee88b6	yes	45352a344aaac463283a647467b790be9b45bfb8	8373244f209a3ee489fe72a7b237a5639d142e3a10ac451a2c81b09194eeaa22	2404743.opbs	vector completeness validation for gpu_opt_b1024
build_miyabi/result_corrected_325557_20260717_215817_2404743.opbs/gpu_opt_b9792.bc.tsv	raw_data/corrected_325557/job_2404743/vectors/gpu_opt_b9792.bc.tsv	9330105	22f5eed2b4fbe5eb07368704eb0e29e2a129effc4996323fa246e5f1dfcc8a9a	22f5eed2b4fbe5eb07368704eb0e29e2a129effc4996323fa246e5f1dfcc8a9a	yes	45352a344aaac463283a647467b790be9b45bfb8	8373244f209a3ee489fe72a7b237a5639d142e3a10ac451a2c81b09194eeaa22	2404743.opbs	per-vertex BC vector (gpu_opt_b9792); full-vector re-audit input
build_miyabi/result_corrected_325557_20260717_215817_2404743.opbs/gpu_opt_b9792.stderr.log	raw_data/corrected_325557/job_2404743/vectors/gpu_opt_b9792.stderr.log	842	bad19407d628b157729361b4d30a140149ae19afeb4e235f4826778ddeaa304d	bad19407d628b157729361b4d30a140149ae19afeb4e235f4826778ddeaa304d	yes	45352a344aaac463283a647467b790be9b45bfb8	8373244f209a3ee489fe72a7b237a5639d142e3a10ac451a2c81b09194eeaa22	2404743.opbs	runner stderr for gpu_opt_b9792 (phase timing / max BC)
build_miyabi/result_corrected_325557_20260717_215817_2404743.opbs/gpu_opt_b9792.vector_validation.json	raw_data/corrected_325557/job_2404743/validation/gpu_opt_b9792.vector_validation.json	558	5bb2a74f09f21976ac1b497e18ce9c9230b263805b39136a5a771c3ec7fd9cc7	5bb2a74f09f21976ac1b497e18ce9c9230b263805b39136a5a771c3ec7fd9cc7	yes	45352a344aaac463283a647467b790be9b45bfb8	8373244f209a3ee489fe72a7b237a5639d142e3a10ac451a2c81b09194eeaa22	2404743.opbs	vector completeness validation for gpu_opt_b9792
build_miyabi/result_corrected_325557_20260717_215817_2404743.opbs/gpu_opt_pure_b1024.bc.tsv	raw_data/corrected_325557/job_2404743/vectors/gpu_opt_pure_b1024.bc.tsv	9330110	65c109ef96f418be91cfb0acf5891504356783a172e28f703192b3594e8cacbb	65c109ef96f418be91cfb0acf5891504356783a172e28f703192b3594e8cacbb	yes	45352a344aaac463283a647467b790be9b45bfb8	8373244f209a3ee489fe72a7b237a5639d142e3a10ac451a2c81b09194eeaa22	2404743.opbs	per-vertex BC vector (gpu_opt_pure_b1024); full-vector re-audit input
build_miyabi/result_corrected_325557_20260717_215817_2404743.opbs/gpu_opt_pure_b1024.stderr.log	raw_data/corrected_325557/job_2404743/vectors/gpu_opt_pure_b1024.stderr.log	517	8fe6d9d90a6de1faf33c321355ac62677e0194572956fe09f301712e81c6353a	8fe6d9d90a6de1faf33c321355ac62677e0194572956fe09f301712e81c6353a	yes	45352a344aaac463283a647467b790be9b45bfb8	8373244f209a3ee489fe72a7b237a5639d142e3a10ac451a2c81b09194eeaa22	2404743.opbs	runner stderr for gpu_opt_pure_b1024 (phase timing / max BC)
build_miyabi/result_corrected_325557_20260717_215817_2404743.opbs/gpu_opt_pure_b1024.vector_validation.json	raw_data/corrected_325557/job_2404743/validation/gpu_opt_pure_b1024.vector_validation.json	563	4a37ea9ac3a9352edc759e3270cf692381c4f507e6fb7489df0c6181402f59fe	4a37ea9ac3a9352edc759e3270cf692381c4f507e6fb7489df0c6181402f59fe	yes	45352a344aaac463283a647467b790be9b45bfb8	8373244f209a3ee489fe72a7b237a5639d142e3a10ac451a2c81b09194eeaa22	2404743.opbs	vector completeness validation for gpu_opt_pure_b1024
build_miyabi/result_corrected_325557_20260717_215817_2404743.opbs/gpu_opt_pure_chunked_b1024.bc.tsv	raw_data/corrected_325557/job_2404743/vectors/gpu_opt_pure_chunked_b1024.bc.tsv	9330118	d53afd646d3895a60f065ba98561ccfca522bb240681610c915dfabd3ff7f618	d53afd646d3895a60f065ba98561ccfca522bb240681610c915dfabd3ff7f618	yes	45352a344aaac463283a647467b790be9b45bfb8	8373244f209a3ee489fe72a7b237a5639d142e3a10ac451a2c81b09194eeaa22	2404743.opbs	per-vertex BC vector (gpu_opt_pure_chunked_b1024); full-vector re-audit input
build_miyabi/result_corrected_325557_20260717_215817_2404743.opbs/gpu_opt_pure_chunked_b1024.stderr.log	raw_data/corrected_325557/job_2404743/vectors/gpu_opt_pure_chunked_b1024.stderr.log	509	27ae32a62a30af8f3f1140324d5c0fa3b38ad4ed85deeda9e3dc44f53293edd7	27ae32a62a30af8f3f1140324d5c0fa3b38ad4ed85deeda9e3dc44f53293edd7	yes	45352a344aaac463283a647467b790be9b45bfb8	8373244f209a3ee489fe72a7b237a5639d142e3a10ac451a2c81b09194eeaa22	2404743.opbs	runner stderr for gpu_opt_pure_chunked_b1024 (phase timing / max BC)
build_miyabi/result_corrected_325557_20260717_215817_2404743.opbs/gpu_opt_pure_chunked_b1024.vector_validation.json	raw_data/corrected_325557/job_2404743/validation/gpu_opt_pure_chunked_b1024.vector_validation.json	571	066725e6e6884c7c81f618d2e565f6777fb4259f703778241a77839c96c7221e	066725e6e6884c7c81f618d2e565f6777fb4259f703778241a77839c96c7221e	yes	45352a344aaac463283a647467b790be9b45bfb8	8373244f209a3ee489fe72a7b237a5639d142e3a10ac451a2c81b09194eeaa22	2404743.opbs	vector completeness validation for gpu_opt_pure_chunked_b1024
build_miyabi/result_corrected_325557_20260717_215817_2404743.opbs/gpu_opt_pure_chunked_b16384.bc.tsv	raw_data/corrected_325557/job_2404743/vectors/gpu_opt_pure_chunked_b16384.bc.tsv	9330118	222bcfccd085da93b13aefbda83e597020688a1afd5fab3321df14b9e27bed1f	222bcfccd085da93b13aefbda83e597020688a1afd5fab3321df14b9e27bed1f	yes	45352a344aaac463283a647467b790be9b45bfb8	8373244f209a3ee489fe72a7b237a5639d142e3a10ac451a2c81b09194eeaa22	2404743.opbs	per-vertex BC vector (gpu_opt_pure_chunked_b16384); full-vector re-audit input
build_miyabi/result_corrected_325557_20260717_215817_2404743.opbs/gpu_opt_pure_chunked_b16384.stderr.log	raw_data/corrected_325557/job_2404743/vectors/gpu_opt_pure_chunked_b16384.stderr.log	604	fa6972550932b49464056fbaec4caa7264da9e2d70cbbb2c089bd62310da3b76	fa6972550932b49464056fbaec4caa7264da9e2d70cbbb2c089bd62310da3b76	yes	45352a344aaac463283a647467b790be9b45bfb8	8373244f209a3ee489fe72a7b237a5639d142e3a10ac451a2c81b09194eeaa22	2404743.opbs	runner stderr for gpu_opt_pure_chunked_b16384 (phase timing / max BC)
build_miyabi/result_corrected_325557_20260717_215817_2404743.opbs/gpu_opt_pure_chunked_b16384.vector_validation.json	raw_data/corrected_325557/job_2404743/validation/gpu_opt_pure_chunked_b16384.vector_validation.json	572	2496cbbf88535183765d5d0571ebc0541e00216e6cd38e334290cdaf15a29b6f	2496cbbf88535183765d5d0571ebc0541e00216e6cd38e334290cdaf15a29b6f	yes	45352a344aaac463283a647467b790be9b45bfb8	8373244f209a3ee489fe72a7b237a5639d142e3a10ac451a2c81b09194eeaa22	2404743.opbs	vector completeness validation for gpu_opt_pure_chunked_b16384
build_miyabi/result_corrected_325557_20260717_215817_2404743.opbs/pathmerge_b4096.bc.tsv	raw_data/corrected_325557/job_2404743/vectors/pathmerge_b4096.bc.tsv	9330110	164cceb2c179ce1a6552685663e6d66745a2483c877e0afe52e9f94bc7aa9496	164cceb2c179ce1a6552685663e6d66745a2483c877e0afe52e9f94bc7aa9496	yes	45352a344aaac463283a647467b790be9b45bfb8	8373244f209a3ee489fe72a7b237a5639d142e3a10ac451a2c81b09194eeaa22	2404743.opbs	per-vertex BC vector (pathmerge_b4096); full-vector re-audit input
build_miyabi/result_corrected_325557_20260717_215817_2404743.opbs/pathmerge_b4096.stderr.log	raw_data/corrected_325557/job_2404743/vectors/pathmerge_b4096.stderr.log	356	c64754c9148bd47c792205e8e52723ed0a605009485b8e49b8401f1b792ea6aa	c64754c9148bd47c792205e8e52723ed0a605009485b8e49b8401f1b792ea6aa	yes	45352a344aaac463283a647467b790be9b45bfb8	8373244f209a3ee489fe72a7b237a5639d142e3a10ac451a2c81b09194eeaa22	2404743.opbs	runner stderr for pathmerge_b4096 (phase timing / max BC)
build_miyabi/result_corrected_325557_20260717_215817_2404743.opbs/pathmerge_b4096.vector_validation.json	raw_data/corrected_325557/job_2404743/validation/pathmerge_b4096.vector_validation.json	560	3858164d91a61f7b728a2880bd228945ffc6fb88dc69d6bdcb5b1fc60d6dffee	3858164d91a61f7b728a2880bd228945ffc6fb88dc69d6bdcb5b1fc60d6dffee	yes	45352a344aaac463283a647467b790be9b45bfb8	8373244f209a3ee489fe72a7b237a5639d142e3a10ac451a2c81b09194eeaa22	2404743.opbs	vector completeness validation for pathmerge_b4096
build_miyabi/result_corrected_325557_20260717_215817_2404743.opbs/gpu_opt_b1024__vs__gpu_opt_pure_b1024.json	raw_data/corrected_325557/job_2404743/comparisons/gpu_opt_b1024__vs__gpu_opt_pure_b1024.json	1696	9b56ee7cf70d790820687a920539fe394f1f2df5b6d6b71ead418125c62edbac	9b56ee7cf70d790820687a920539fe394f1f2df5b6d6b71ead418125c62edbac	yes	45352a344aaac463283a647467b790be9b45bfb8	8373244f209a3ee489fe72a7b237a5639d142e3a10ac451a2c81b09194eeaa22	2404743.opbs	pairwise comparison report
build_miyabi/result_corrected_325557_20260717_215817_2404743.opbs/gpu_opt_b1024__vs__gpu_opt_pure_b1024.md	raw_data/corrected_325557/job_2404743/comparisons/gpu_opt_b1024__vs__gpu_opt_pure_b1024.md	1775	87eeb94db06eaafe6f41f40cb323722ab1536509efb5cbf984db478cf3bc2168	87eeb94db06eaafe6f41f40cb323722ab1536509efb5cbf984db478cf3bc2168	yes	45352a344aaac463283a647467b790be9b45bfb8	8373244f209a3ee489fe72a7b237a5639d142e3a10ac451a2c81b09194eeaa22	2404743.opbs	pairwise comparison report
build_miyabi/result_corrected_325557_20260717_215817_2404743.opbs/gpu_opt_b1024__vs__gpu_opt_pure_chunked_b1024.json	raw_data/corrected_325557/job_2404743/comparisons/gpu_opt_b1024__vs__gpu_opt_pure_chunked_b1024.json	1703	24753aefbd2e6e0ce56b65d5297b9619eef75458a84cfc7cef8b669e8699df4f	24753aefbd2e6e0ce56b65d5297b9619eef75458a84cfc7cef8b669e8699df4f	yes	45352a344aaac463283a647467b790be9b45bfb8	8373244f209a3ee489fe72a7b237a5639d142e3a10ac451a2c81b09194eeaa22	2404743.opbs	pairwise comparison report
build_miyabi/result_corrected_325557_20260717_215817_2404743.opbs/gpu_opt_b1024__vs__gpu_opt_pure_chunked_b1024.md	raw_data/corrected_325557/job_2404743/comparisons/gpu_opt_b1024__vs__gpu_opt_pure_chunked_b1024.md	1800	b23623a036c87801005f9782285d2320c23722c70d34f2a292ac3164d6e14112	b23623a036c87801005f9782285d2320c23722c70d34f2a292ac3164d6e14112	yes	45352a344aaac463283a647467b790be9b45bfb8	8373244f209a3ee489fe72a7b237a5639d142e3a10ac451a2c81b09194eeaa22	2404743.opbs	pairwise comparison report
build_miyabi/result_corrected_325557_20260717_215817_2404743.opbs/gpu_opt_b9792__vs__gpu_opt_b1024.json	raw_data/corrected_325557/job_2404743/comparisons/gpu_opt_b9792__vs__gpu_opt_b1024.json	1688	41c7dd977182456a7c3dc0d62a93004dc1644c8f29bd431355e70cbab3afd123	41c7dd977182456a7c3dc0d62a93004dc1644c8f29bd431355e70cbab3afd123	yes	45352a344aaac463283a647467b790be9b45bfb8	8373244f209a3ee489fe72a7b237a5639d142e3a10ac451a2c81b09194eeaa22	2404743.opbs	pairwise comparison report
build_miyabi/result_corrected_325557_20260717_215817_2404743.opbs/gpu_opt_b9792__vs__gpu_opt_b1024.md	raw_data/corrected_325557/job_2404743/comparisons/gpu_opt_b9792__vs__gpu_opt_b1024.md	1761	d14e93f040a02b81f93759bb88ee46d45fb78dc51a0f941ae8b1c295b13ddb90	d14e93f040a02b81f93759bb88ee46d45fb78dc51a0f941ae8b1c295b13ddb90	yes	45352a344aaac463283a647467b790be9b45bfb8	8373244f209a3ee489fe72a7b237a5639d142e3a10ac451a2c81b09194eeaa22	2404743.opbs	pairwise comparison report
build_miyabi/result_corrected_325557_20260717_215817_2404743.opbs/gpu_opt_pure_b1024__vs__gpu_opt_pure_chunked_b1024.json	raw_data/corrected_325557/job_2404743/comparisons/gpu_opt_pure_b1024__vs__gpu_opt_pure_chunked_b1024.json	1704	a3f5be5d6915eebe032d396754b219386e42f96abd4d451bf2b63413a229fa60	a3f5be5d6915eebe032d396754b219386e42f96abd4d451bf2b63413a229fa60	yes	45352a344aaac463283a647467b790be9b45bfb8	8373244f209a3ee489fe72a7b237a5639d142e3a10ac451a2c81b09194eeaa22	2404743.opbs	pairwise comparison report
build_miyabi/result_corrected_325557_20260717_215817_2404743.opbs/gpu_opt_pure_b1024__vs__gpu_opt_pure_chunked_b1024.md	raw_data/corrected_325557/job_2404743/comparisons/gpu_opt_pure_b1024__vs__gpu_opt_pure_chunked_b1024.md	1813	98d74e42526db1dcc6ef15caa05329829a139e7e6bdef25b7d25b469be646f82	98d74e42526db1dcc6ef15caa05329829a139e7e6bdef25b7d25b469be646f82	yes	45352a344aaac463283a647467b790be9b45bfb8	8373244f209a3ee489fe72a7b237a5639d142e3a10ac451a2c81b09194eeaa22	2404743.opbs	pairwise comparison report
build_miyabi/result_corrected_325557_20260717_215817_2404743.opbs/gpu_opt_pure_chunked_b16384__vs__gpu_opt_pure_chunked_b1024.json	raw_data/corrected_325557/job_2404743/comparisons/gpu_opt_pure_chunked_b16384__vs__gpu_opt_pure_chunked_b1024.json	1715	f8a6caab65d0dcd11117aa6509c2dc11ecd2cf6b2d81418a6b8f7ff9f3f302fb	f8a6caab65d0dcd11117aa6509c2dc11ecd2cf6b2d81418a6b8f7ff9f3f302fb	yes	45352a344aaac463283a647467b790be9b45bfb8	8373244f209a3ee489fe72a7b237a5639d142e3a10ac451a2c81b09194eeaa22	2404743.opbs	pairwise comparison report
build_miyabi/result_corrected_325557_20260717_215817_2404743.opbs/gpu_opt_pure_chunked_b16384__vs__gpu_opt_pure_chunked_b1024.md	raw_data/corrected_325557/job_2404743/comparisons/gpu_opt_pure_chunked_b16384__vs__gpu_opt_pure_chunked_b1024.md	1841	7eef48b5fe8f5fa5653c78e79aec4600b90a0bfa788093ae186efc1065e8be8f	7eef48b5fe8f5fa5653c78e79aec4600b90a0bfa788093ae186efc1065e8be8f	yes	45352a344aaac463283a647467b790be9b45bfb8	8373244f209a3ee489fe72a7b237a5639d142e3a10ac451a2c81b09194eeaa22	2404743.opbs	pairwise comparison report
build_miyabi/result_corrected_325557_20260717_215817_2404743.opbs/pathmerge_b4096__vs__gpu_opt_b1024.json	raw_data/corrected_325557/job_2404743/comparisons/pathmerge_b4096__vs__gpu_opt_b1024.json	1718	3bcb7be8b08a7697b3cd3b29e5626d6b465aca7971c00b400b6e4b1e1996e962	3bcb7be8b08a7697b3cd3b29e5626d6b465aca7971c00b400b6e4b1e1996e962	yes	45352a344aaac463283a647467b790be9b45bfb8	8373244f209a3ee489fe72a7b237a5639d142e3a10ac451a2c81b09194eeaa22	2404743.opbs	pairwise comparison report
build_miyabi/result_corrected_325557_20260717_215817_2404743.opbs/pathmerge_b4096__vs__gpu_opt_b1024.md	raw_data/corrected_325557/job_2404743/comparisons/pathmerge_b4096__vs__gpu_opt_b1024.md	1850	91ff93a3ab3980edf0342de17977c22c16f9c2de353d9960df561aafb3da0596	91ff93a3ab3980edf0342de17977c22c16f9c2de353d9960df561aafb3da0596	yes	45352a344aaac463283a647467b790be9b45bfb8	8373244f209a3ee489fe72a7b237a5639d142e3a10ac451a2c81b09194eeaa22	2404743.opbs	pairwise comparison report
build_miyabi/result_corrected_325557_20260717_215817_2404743.opbs/pathmerge_b4096__vs__gpu_opt_b9792.json	raw_data/corrected_325557/job_2404743/comparisons/pathmerge_b4096__vs__gpu_opt_b9792.json	1716	1919921c5159ca9205ae5e8d0b82d3407825094d01ba9bcd39c986fb652cb433	1919921c5159ca9205ae5e8d0b82d3407825094d01ba9bcd39c986fb652cb433	yes	45352a344aaac463283a647467b790be9b45bfb8	8373244f209a3ee489fe72a7b237a5639d142e3a10ac451a2c81b09194eeaa22	2404743.opbs	pairwise comparison report
build_miyabi/result_corrected_325557_20260717_215817_2404743.opbs/pathmerge_b4096__vs__gpu_opt_b9792.md	raw_data/corrected_325557/job_2404743/comparisons/pathmerge_b4096__vs__gpu_opt_b9792.md	1851	0560fe8e52dc43b5fc9472daf4eaf42129aef65da45873a9b9ddee6f2d0558a7	0560fe8e52dc43b5fc9472daf4eaf42129aef65da45873a9b9ddee6f2d0558a7	yes	45352a344aaac463283a647467b790be9b45bfb8	8373244f209a3ee489fe72a7b237a5639d142e3a10ac451a2c81b09194eeaa22	2404743.opbs	pairwise comparison report
build_miyabi/result_corrected_325557_20260717_215817_2404743.opbs/pathmerge_b4096__vs__gpu_opt_pure_b1024.json	raw_data/corrected_325557/job_2404743/comparisons/pathmerge_b4096__vs__gpu_opt_pure_b1024.json	1723	e0236f240a3288249eb02006c9a34b3f78728e2f79c8dafe2a8f430036df799f	e0236f240a3288249eb02006c9a34b3f78728e2f79c8dafe2a8f430036df799f	yes	45352a344aaac463283a647467b790be9b45bfb8	8373244f209a3ee489fe72a7b237a5639d142e3a10ac451a2c81b09194eeaa22	2404743.opbs	pairwise comparison report
build_miyabi/result_corrected_325557_20260717_215817_2404743.opbs/pathmerge_b4096__vs__gpu_opt_pure_b1024.md	raw_data/corrected_325557/job_2404743/comparisons/pathmerge_b4096__vs__gpu_opt_pure_b1024.md	1865	2aa9b220454307dbc4ac1208900270ff599b10666cabfd4dfc9849a6539742ca	2aa9b220454307dbc4ac1208900270ff599b10666cabfd4dfc9849a6539742ca	yes	45352a344aaac463283a647467b790be9b45bfb8	8373244f209a3ee489fe72a7b237a5639d142e3a10ac451a2c81b09194eeaa22	2404743.opbs	pairwise comparison report
build_miyabi/result_corrected_325557_20260717_215817_2404743.opbs/pathmerge_b4096__vs__gpu_opt_pure_chunked_b1024.json	raw_data/corrected_325557/job_2404743/comparisons/pathmerge_b4096__vs__gpu_opt_pure_chunked_b1024.json	1731	44b0e4f58d35dca70addfc798d69a2dda8cacb2e933ab17d78d6b9d9c13a0f38	44b0e4f58d35dca70addfc798d69a2dda8cacb2e933ab17d78d6b9d9c13a0f38	yes	45352a344aaac463283a647467b790be9b45bfb8	8373244f209a3ee489fe72a7b237a5639d142e3a10ac451a2c81b09194eeaa22	2404743.opbs	pairwise comparison report
build_miyabi/result_corrected_325557_20260717_215817_2404743.opbs/pathmerge_b4096__vs__gpu_opt_pure_chunked_b1024.md	raw_data/corrected_325557/job_2404743/comparisons/pathmerge_b4096__vs__gpu_opt_pure_chunked_b1024.md	1889	09be466c5d2ca910a0fb7566c1ca9e82360a8b026c4fef91613852a3027fd206	09be466c5d2ca910a0fb7566c1ca9e82360a8b026c4fef91613852a3027fd206	yes	45352a344aaac463283a647467b790be9b45bfb8	8373244f209a3ee489fe72a7b237a5639d142e3a10ac451a2c81b09194eeaa22	2404743.opbs	pairwise comparison report
build_miyabi/result_corrected_325557_20260717_215817_2404743.opbs/pathmerge_b4096__vs__gpu_opt_pure_chunked_b16384.json	raw_data/corrected_325557/job_2404743/comparisons/pathmerge_b4096__vs__gpu_opt_pure_chunked_b16384.json	1731	ef4406219eb3246d7198e18fff1f42824797f994e645c1bfd9a4ae5a32981fa4	ef4406219eb3246d7198e18fff1f42824797f994e645c1bfd9a4ae5a32981fa4	yes	45352a344aaac463283a647467b790be9b45bfb8	8373244f209a3ee489fe72a7b237a5639d142e3a10ac451a2c81b09194eeaa22	2404743.opbs	pairwise comparison report
build_miyabi/result_corrected_325557_20260717_215817_2404743.opbs/pathmerge_b4096__vs__gpu_opt_pure_chunked_b16384.md	raw_data/corrected_325557/job_2404743/comparisons/pathmerge_b4096__vs__gpu_opt_pure_chunked_b16384.md	1892	8fd41c9b454986958b15c5c61e32033df6d7a2300ce769828338c1808f8a8af9	8fd41c9b454986958b15c5c61e32033df6d7a2300ce769828338c1808f8a8af9	yes	45352a344aaac463283a647467b790be9b45bfb8	8373244f209a3ee489fe72a7b237a5639d142e3a10ac451a2c81b09194eeaa22	2404743.opbs	pairwise comparison report
build_miyabi/result_corrected_325557_20260717_215817_2404743.opbs/pure_b4096.stderr.log	raw_data/corrected_325557/job_2404743/feasibility/pure_b4096.stderr.log	517	1e62ee92bc4b9009efce68b67d6a5d8a86fc8d3f1a8584101b382cdf7d69d0a6	1e62ee92bc4b9009efce68b67d6a5d8a86fc8d3f1a8584101b382cdf7d69d0a6	yes	45352a344aaac463283a647467b790be9b45bfb8	8373244f209a3ee489fe72a7b237a5639d142e3a10ac451a2c81b09194eeaa22	2404743.opbs	capacity-boundary run stderr (pure_b4096)
build_miyabi/result_corrected_325557_20260717_215817_2404743.opbs/pure_b4096.stdout.tsv	raw_data/corrected_325557/job_2404743/feasibility/pure_b4096.stdout.tsv	59	c12cecadd45b94f4dd4d5ba810721e814ac3e3f215d19d3610c924540ea0c213	c12cecadd45b94f4dd4d5ba810721e814ac3e3f215d19d3610c924540ea0c213	yes	45352a344aaac463283a647467b790be9b45bfb8	8373244f209a3ee489fe72a7b237a5639d142e3a10ac451a2c81b09194eeaa22	2404743.opbs	capacity-boundary run stdout tsv (pure_b4096; empty on failure)
build_miyabi/result_corrected_325557_20260717_215817_2404743.opbs/pure_b8192.stderr.log	raw_data/corrected_325557/job_2404743/feasibility/pure_b8192.stderr.log	378	548280ad17abcfd1ea5842944493190bb6526bd0b21d0db1f4c249b945a3b51e	548280ad17abcfd1ea5842944493190bb6526bd0b21d0db1f4c249b945a3b51e	yes	45352a344aaac463283a647467b790be9b45bfb8	8373244f209a3ee489fe72a7b237a5639d142e3a10ac451a2c81b09194eeaa22	2404743.opbs	capacity-boundary run stderr (pure_b8192)
build_miyabi/result_corrected_325557_20260717_215817_2404743.opbs/pure_b8192.stdout.tsv	raw_data/corrected_325557/job_2404743/feasibility/pure_b8192.stdout.tsv	0	e3b0c44298fc1c149afbf4c8996fb92427ae41e4649b934ca495991b7852b855	e3b0c44298fc1c149afbf4c8996fb92427ae41e4649b934ca495991b7852b855	yes	45352a344aaac463283a647467b790be9b45bfb8	8373244f209a3ee489fe72a7b237a5639d142e3a10ac451a2c81b09194eeaa22	2404743.opbs	capacity-boundary run stdout tsv (pure_b8192; empty on failure)
build_miyabi/result_corrected_325557_20260717_215817_2404743.opbs/um_b10240.stderr.log	raw_data/corrected_325557/job_2404743/feasibility/um_b10240.stderr.log	843	9582789ce84567fb4b88141f2a4938ecfdd206b1c7f6e4661b039a2c16b4de4f	9582789ce84567fb4b88141f2a4938ecfdd206b1c7f6e4661b039a2c16b4de4f	yes	45352a344aaac463283a647467b790be9b45bfb8	8373244f209a3ee489fe72a7b237a5639d142e3a10ac451a2c81b09194eeaa22	2404743.opbs	capacity-boundary run stderr (um_b10240)
build_miyabi/result_corrected_325557_20260717_215817_2404743.opbs/um_b10240.stdout.tsv	raw_data/corrected_325557/job_2404743/feasibility/um_b10240.stdout.tsv	54	eef6fa4c0813e2da7c375890a77685a85ca681a5882e25ae2032f190661eebaa	eef6fa4c0813e2da7c375890a77685a85ca681a5882e25ae2032f190661eebaa	yes	45352a344aaac463283a647467b790be9b45bfb8	8373244f209a3ee489fe72a7b237a5639d142e3a10ac451a2c81b09194eeaa22	2404743.opbs	capacity-boundary run stdout tsv (um_b10240; empty on failure)
build_miyabi/result_corrected_325557_20260717_215817_2404743.opbs/um_b12288.stderr.log	raw_data/corrected_325557/job_2404743/feasibility/um_b12288.stderr.log	476	4f6886a7068aefc8c32a33985372fdc9290490092dbda735c4a97753c2f9deb1	4f6886a7068aefc8c32a33985372fdc9290490092dbda735c4a97753c2f9deb1	yes	45352a344aaac463283a647467b790be9b45bfb8	8373244f209a3ee489fe72a7b237a5639d142e3a10ac451a2c81b09194eeaa22	2404743.opbs	capacity-boundary run stderr (um_b12288)
build_miyabi/result_corrected_325557_20260717_215817_2404743.opbs/um_b12288.stdout.tsv	raw_data/corrected_325557/job_2404743/feasibility/um_b12288.stdout.tsv	0	e3b0c44298fc1c149afbf4c8996fb92427ae41e4649b934ca495991b7852b855	e3b0c44298fc1c149afbf4c8996fb92427ae41e4649b934ca495991b7852b855	yes	45352a344aaac463283a647467b790be9b45bfb8	8373244f209a3ee489fe72a7b237a5639d142e3a10ac451a2c81b09194eeaa22	2404743.opbs	capacity-boundary run stdout tsv (um_b12288; empty on failure)
build_miyabi/result_corrected_325557_20260717_215817_2404743.opbs/chunked_b16384.stderr.log	raw_data/corrected_325557/job_2404743/feasibility/chunked_b16384.stderr.log	604	90419af9a5cbdf7859c9a063de2e97f8c5cc2cba8903894ce0afc9dd7b4a6726	90419af9a5cbdf7859c9a063de2e97f8c5cc2cba8903894ce0afc9dd7b4a6726	yes	45352a344aaac463283a647467b790be9b45bfb8	8373244f209a3ee489fe72a7b237a5639d142e3a10ac451a2c81b09194eeaa22	2404743.opbs	capacity-boundary run stderr (chunked_b16384)
build_miyabi/result_corrected_325557_20260717_215817_2404743.opbs/chunked_b16384.stdout.tsv	raw_data/corrected_325557/job_2404743/feasibility/chunked_b16384.stdout.tsv	67	a28a09789b19fcca631eec8c207885afa65e5104be2feedc66753dd774e96ca6	a28a09789b19fcca631eec8c207885afa65e5104be2feedc66753dd774e96ca6	yes	45352a344aaac463283a647467b790be9b45bfb8	8373244f209a3ee489fe72a7b237a5639d142e3a10ac451a2c81b09194eeaa22	2404743.opbs	capacity-boundary run stdout tsv (chunked_b16384; empty on failure)
build_miyabi/result_corrected_325557_ablation_20260718_060627_2406254.opbs/MANIFEST.txt	raw_data/corrected_325557/job_2406254/MANIFEST.txt	2019	f6b1777e943e4638b0c2d7458006b9f4c1f544de6383b3bcc2999f9a408fddab	f6b1777e943e4638b0c2d7458006b9f4c1f544de6383b3bcc2999f9a408fddab	yes	45352a344aaac463283a647467b790be9b45bfb8	8373244f209a3ee489fe72a7b237a5639d142e3a10ac451a2c81b09194eeaa22	2406254.opbs	job provenance manifest (checkpoint/graph/runner/warmup)
build_miyabi/result_corrected_325557_ablation_20260718_060627_2406254.opbs/run.log	raw_data/corrected_325557/job_2406254/run.log	7178	7ff45715098910e99707f354d160700fbeb3677e77bad181a397d08e433f3df3	7ff45715098910e99707f354d160700fbeb3677e77bad181a397d08e433f3df3	yes	45352a344aaac463283a647467b790be9b45bfb8	8373244f209a3ee489fe72a7b237a5639d142e3a10ac451a2c81b09194eeaa22	2406254.opbs	orchestrator run log (trial invocations, completeness)
build_miyabi/result_corrected_325557_ablation_20260718_060627_2406254.opbs/graph_validation.json	raw_data/corrected_325557/job_2406254/graph_validation.json	2305	95fdf972fd75d2fcf75fd265c1a666b658f3af01c04db41767f77e367044f4f8	95fdf972fd75d2fcf75fd265c1a666b658f3af01c04db41767f77e367044f4f8	yes	45352a344aaac463283a647467b790be9b45bfb8	8373244f209a3ee489fe72a7b237a5639d142e3a10ac451a2c81b09194eeaa22	2406254.opbs	corrected graph structural validation
build_miyabi/result_corrected_325557_ablation_20260718_060627_2406254.opbs/ablation_results.tsv	raw_data/corrected_325557/job_2406254/ablation_results.tsv	5283	ef96297cf4cf62addac0664636f79125e221b6fe8625973aab734fc16e36df04	ef96297cf4cf62addac0664636f79125e221b6fe8625973aab734fc16e36df04	yes	45352a344aaac463283a647467b790be9b45bfb8	8373244f209a3ee489fe72a7b237a5639d142e3a10ac451a2c81b09194eeaa22	2406254.opbs	formal 40-row ablation results (8 configs x 5 trials)
build_miyabi/result_corrected_325557_ablation_20260718_060627_2406254.opbs/ablation_results.partial.tsv	raw_data/corrected_325557/job_2406254/ablation_results.partial.tsv	5283	ef96297cf4cf62addac0664636f79125e221b6fe8625973aab734fc16e36df04	ef96297cf4cf62addac0664636f79125e221b6fe8625973aab734fc16e36df04	yes	45352a344aaac463283a647467b790be9b45bfb8	8373244f209a3ee489fe72a7b237a5639d142e3a10ac451a2c81b09194eeaa22	2406254.opbs	completion-time snapshot (byte-identical to formal)
build_miyabi/result_corrected_325557_ablation_20260718_060627_2406254.opbs/ablation_per_config_stats.tsv	raw_data/corrected_325557/job_2406254/ablation_per_config_stats.tsv	1856	90926da4785f22d609c4e639782ac16812e8e8af4071382a7658b781d0e82fc8	90926da4785f22d609c4e639782ac16812e8e8af4071382a7658b781d0e82fc8	yes	45352a344aaac463283a647467b790be9b45bfb8	8373244f209a3ee489fe72a7b237a5639d142e3a10ac451a2c81b09194eeaa22	2406254.opbs	per-config median/mean/sd/min/max
build_miyabi/result_corrected_325557_ablation_20260718_060627_2406254.opbs/ablation_completeness.json	raw_data/corrected_325557/job_2406254/completeness.json	379	e137055d3da6f84e7aa72c9d37e937d5bab5cbd0902b8c710c83954344e2f9ce	e137055d3da6f84e7aa72c9d37e937d5bab5cbd0902b8c710c83954344e2f9ce	yes	45352a344aaac463283a647467b790be9b45bfb8	8373244f209a3ee489fe72a7b237a5639d142e3a10ac451a2c81b09194eeaa22	2406254.opbs	completeness PASS (40 rows, 0 duplicate trials)
bc_corr_abl.o2406254	raw_data/corrected_325557/job_2406254/pbs_stdout.log	4514	5adb78594cf98b072fe7b44770dd7dd39dfbf74a9cdbb111bfe09258af369b18	5adb78594cf98b072fe7b44770dd7dd39dfbf74a9cdbb111bfe09258af369b18	yes	45352a344aaac463283a647467b790be9b45bfb8	8373244f209a3ee489fe72a7b237a5639d142e3a10ac451a2c81b09194eeaa22	2406254.opbs	PBS stdout (.o2406254) copied verbatim; gitignored at source name
build_miyabi/result_corrected_325557_ablation_20260718_060627_2406254.opbs/ablation.stderr.log	raw_data/corrected_325557/job_2406254/stderr/ablation.stderr.log	16780	a7555012252ec0577112566f1ba7a6a611c5517583445af1227cf16a80007ef2	a7555012252ec0577112566f1ba7a6a611c5517583445af1227cf16a80007ef2	yes	45352a344aaac463283a647467b790be9b45bfb8	8373244f209a3ee489fe72a7b237a5639d142e3a10ac451a2c81b09194eeaa22	2406254.opbs	runner stderr with 5 untimed H1W1A1 warmup markers
build_miyabi/result_corrected_325557_ablation_20260718_060627_2406254.opbs/trial_1.stdout.tsv	raw_data/corrected_325557/job_2406254/stderr/trial_1.stdout.tsv	513	d25e5f1fd9d821eda0161ac6cbbf579d3bf7eefdea075c274e7ad01c0e7ac04d	d25e5f1fd9d821eda0161ac6cbbf579d3bf7eefdea075c274e7ad01c0e7ac04d	yes	45352a344aaac463283a647467b790be9b45bfb8	8373244f209a3ee489fe72a7b237a5639d142e3a10ac451a2c81b09194eeaa22	2406254.opbs	trial 1 runner stdout tsv (8 config rows)
build_miyabi/result_corrected_325557_ablation_20260718_060627_2406254.opbs/completeness_after_trial_1.json	raw_data/corrected_325557/job_2406254/stderr/completeness_after_trial_1.json	377	51951d3fe0cd5f1bff6c552e13034f164005f60327f370af66d37f9fd3df9b69	51951d3fe0cd5f1bff6c552e13034f164005f60327f370af66d37f9fd3df9b69	yes	45352a344aaac463283a647467b790be9b45bfb8	8373244f209a3ee489fe72a7b237a5639d142e3a10ac451a2c81b09194eeaa22	2406254.opbs	incremental completeness snapshot after trial 1
build_miyabi/result_corrected_325557_ablation_20260718_060627_2406254.opbs/trial_2.stdout.tsv	raw_data/corrected_325557/job_2406254/stderr/trial_2.stdout.tsv	513	36db9efa6c0a0dee9d216e687a88aeb56dbe1ef752625ec65f215f930a1a7cdd	36db9efa6c0a0dee9d216e687a88aeb56dbe1ef752625ec65f215f930a1a7cdd	yes	45352a344aaac463283a647467b790be9b45bfb8	8373244f209a3ee489fe72a7b237a5639d142e3a10ac451a2c81b09194eeaa22	2406254.opbs	trial 2 runner stdout tsv (8 config rows)
build_miyabi/result_corrected_325557_ablation_20260718_060627_2406254.opbs/completeness_after_trial_2.json	raw_data/corrected_325557/job_2406254/stderr/completeness_after_trial_2.json	379	9fc7bab6b18d854545c8710fbcc2e10843ebbda0858b705c2a88d5666c4760bb	9fc7bab6b18d854545c8710fbcc2e10843ebbda0858b705c2a88d5666c4760bb	yes	45352a344aaac463283a647467b790be9b45bfb8	8373244f209a3ee489fe72a7b237a5639d142e3a10ac451a2c81b09194eeaa22	2406254.opbs	incremental completeness snapshot after trial 2
build_miyabi/result_corrected_325557_ablation_20260718_060627_2406254.opbs/trial_3.stdout.tsv	raw_data/corrected_325557/job_2406254/stderr/trial_3.stdout.tsv	513	09e324ce9a1162efc207950f18fa4665e04834d7a0c12945681868b4fe195bdd	09e324ce9a1162efc207950f18fa4665e04834d7a0c12945681868b4fe195bdd	yes	45352a344aaac463283a647467b790be9b45bfb8	8373244f209a3ee489fe72a7b237a5639d142e3a10ac451a2c81b09194eeaa22	2406254.opbs	trial 3 runner stdout tsv (8 config rows)
build_miyabi/result_corrected_325557_ablation_20260718_060627_2406254.opbs/completeness_after_trial_3.json	raw_data/corrected_325557/job_2406254/stderr/completeness_after_trial_3.json	379	23bf0855f9cbed2d63919f5c672dece701d0d4760cf6938a82d416f81a6913d0	23bf0855f9cbed2d63919f5c672dece701d0d4760cf6938a82d416f81a6913d0	yes	45352a344aaac463283a647467b790be9b45bfb8	8373244f209a3ee489fe72a7b237a5639d142e3a10ac451a2c81b09194eeaa22	2406254.opbs	incremental completeness snapshot after trial 3
build_miyabi/result_corrected_325557_ablation_20260718_060627_2406254.opbs/trial_4.stdout.tsv	raw_data/corrected_325557/job_2406254/stderr/trial_4.stdout.tsv	513	527a305db63cb7bf4f512ba0ded09ea0973149d5f13dbba7b710c22f37dc35f2	527a305db63cb7bf4f512ba0ded09ea0973149d5f13dbba7b710c22f37dc35f2	yes	45352a344aaac463283a647467b790be9b45bfb8	8373244f209a3ee489fe72a7b237a5639d142e3a10ac451a2c81b09194eeaa22	2406254.opbs	trial 4 runner stdout tsv (8 config rows)
build_miyabi/result_corrected_325557_ablation_20260718_060627_2406254.opbs/completeness_after_trial_4.json	raw_data/corrected_325557/job_2406254/stderr/completeness_after_trial_4.json	379	4f260d0769822d9a216e2943523aae6b0d3669ef690dbf9c77445eb7f0d4cbdf	4f260d0769822d9a216e2943523aae6b0d3669ef690dbf9c77445eb7f0d4cbdf	yes	45352a344aaac463283a647467b790be9b45bfb8	8373244f209a3ee489fe72a7b237a5639d142e3a10ac451a2c81b09194eeaa22	2406254.opbs	incremental completeness snapshot after trial 4
build_miyabi/result_corrected_325557_ablation_20260718_060627_2406254.opbs/trial_5.stdout.tsv	raw_data/corrected_325557/job_2406254/stderr/trial_5.stdout.tsv	513	097878012ae4a8a9342c6f1e6d0ed4bc17f74e831ece618cbf696782e1244b89	097878012ae4a8a9342c6f1e6d0ed4bc17f74e831ece618cbf696782e1244b89	yes	45352a344aaac463283a647467b790be9b45bfb8	8373244f209a3ee489fe72a7b237a5639d142e3a10ac451a2c81b09194eeaa22	2406254.opbs	trial 5 runner stdout tsv (8 config rows)
build_miyabi/result_corrected_325557_ablation_20260718_060627_2406254.opbs/completeness_after_trial_5.json	raw_data/corrected_325557/job_2406254/stderr/completeness_after_trial_5.json	379	e137055d3da6f84e7aa72c9d37e937d5bab5cbd0902b8c710c83954344e2f9ce	e137055d3da6f84e7aa72c9d37e937d5bab5cbd0902b8c710c83954344e2f9ce	yes	45352a344aaac463283a647467b790be9b45bfb8	8373244f209a3ee489fe72a7b237a5639d142e3a10ac451a2c81b09194eeaa22	2406254.opbs	incremental completeness snapshot after trial 5
