OldPath	NewRawPath	Classification	SHA256	PBSJobID	SourceSnapshotID	Reason
failure/early_terminated/memory_correctness_2368398/MANIFEST.txt	raw_data/unsuccessful/early_terminated/memory_paths/325557_3216152/_job/job_2368398_20260712/MANIFEST.txt	raw	58a5f4ad88832d64637a9e52f3fd692c70fe218a0eadabbbec2326035fb169a3	2368398	memory_correctness_failfast_20260712	Gate J1: result/failure の raw を raw_data へ内容不変移動 (SHA256 保持)
failure/early_terminated/memory_correctness_2368398/gpu_opt_pure_b1024.stderr.log	raw_data/unsuccessful/early_terminated/memory_paths/325557_3216152/gpu_opt_pure/pure_b1024/job_2368398_20260712/gpu_opt_pure_b1024.stderr.log	raw	d8b1242c4934b7f0cbb04c73ed1f1238bfcb5d9b30f31f06439ed05901e03a12	2368398	memory_correctness_failfast_20260712	Gate J1: result/failure の raw を raw_data へ内容不変移動 (SHA256 保持)
failure/early_terminated/memory_correctness_2368398/pathmerge_b4096.stderr.log	raw_data/unsuccessful/early_terminated/memory_paths/325557_3216152/pathmerge_bc/pathmerge_b4096/job_2368398_20260712/pathmerge_b4096.stderr.log	raw	7c699d161e2e2cc6c21caa529f7cd158e6c55a94f9a00e2b69c9a7e87a8e0f1b	2368398	memory_correctness_failfast_20260712	Gate J1: result/failure の raw を raw_data へ内容不変移動 (SHA256 保持)
failure/early_terminated/memory_correctness_2368398/run.log	raw_data/unsuccessful/early_terminated/memory_paths/325557_3216152/_job/job_2368398_20260712/run.log	raw	93b9f51f4d06991a03421d47d1e9fc8fcdfe79f1b896d5ef3bd94413fa5c43fe	2368398	memory_correctness_failfast_20260712	Gate J1: result/failure の raw を raw_data へ内容不変移動 (SHA256 保持)
failure/early_terminated/pathmerge_sweep_2359080_roadNet-PA/pathmerge_sweep.log	raw_data/unsuccessful/early_terminated/pathmerge_sweep/roadNet-PA/job_2359080_20260711/pathmerge_sweep.log	raw	59418cba3c0d6e52b8c25a350cb33f37e18795756c7e166bc041553e0f8e6f29	2359080	phase_def_block_20260710	Gate J1: result/failure の raw を raw_data へ内容不変移動 (SHA256 保持)
failure/early_terminated/pathmerge_sweep_2359080_roadNet-PA/pathmerge_sweep_results.tsv	raw_data/unsuccessful/early_terminated/pathmerge_sweep/roadNet-PA/job_2359080_20260711/pathmerge_sweep_results.tsv	raw	b39b2f4f6a8a25a9a3a8a6d23c03166db0a6a1f626d9b429a5dc3a9a8e489760	2359080	phase_def_block_20260710	Gate J1: result/failure の raw を raw_data へ内容不変移動 (SHA256 保持)
failure/early_terminated/pathmerge_sweep_2359096_email-EuAll/pathmerge_sweep.log	raw_data/unsuccessful/early_terminated/pathmerge_sweep/email-EuAll/job_2359096_20260711/pathmerge_sweep.log	raw	44bb21b519df36a7d7a2a92e1f7586e326d085c96326e7daef9baaec0aa84abc	2359096	phase_def_block_20260710	Gate J1: result/failure の raw を raw_data へ内容不変移動 (SHA256 保持)
failure/early_terminated/pathmerge_sweep_2359096_email-EuAll/pathmerge_sweep_results.tsv	raw_data/unsuccessful/early_terminated/pathmerge_sweep/email-EuAll/job_2359096_20260711/pathmerge_sweep_results.tsv	raw	4ac33b396d3c088f68a594ca960531c891253d327a4798807f99f45998e7b15b	2359096	phase_def_block_20260710	Gate J1: result/failure の raw を raw_data へ内容不変移動 (SHA256 保持)
failure/failed/oom/memory_correctness_2368269/MANIFEST.txt	raw_data/unsuccessful/oom/memory_paths/325557_3216152/_job/job_2368269_20260712/MANIFEST.txt	raw	0a0adb3b512995de27a2add7f390f194eaaf29b472929234459c2ee99bd15b69	2368269	memory_correctness_oom_20260712	Gate J1: result/failure の raw を raw_data へ内容不変移動 (SHA256 保持)
failure/failed/oom/memory_correctness_2368269/gpu_opt_b10240.stderr.log	raw_data/unsuccessful/oom/memory_paths/325557_3216152/gpu_opt/um_b10240/job_2368269_20260712/gpu_opt_b10240.stderr.log	raw	3b265304753feca4b45f3d35cbacd29b73f2c03bb862b8c3d1eaca9b25fb9f52	2368269	memory_correctness_oom_20260712	Gate J1: result/failure の raw を raw_data へ内容不変移動 (SHA256 保持)
failure/failed/oom/memory_correctness_2368269/pathmerge_b4096.stderr.log	raw_data/unsuccessful/oom/memory_paths/325557_3216152/pathmerge_bc/pathmerge_b4096/job_2368269_20260712/pathmerge_b4096.stderr.log	raw	9d5f5998edf03417c0ba4668770c02d383266ad9dfd3a2c2e8779c00d07bcd8f	2368269	memory_correctness_oom_20260712	Gate J1: result/failure の raw を raw_data へ内容不変移動 (SHA256 保持)
failure/failed/oom/memory_correctness_2368269/run.log	raw_data/unsuccessful/oom/memory_paths/325557_3216152/_job/job_2368269_20260712/run.log	raw	e8c01f06ae621a7315506e871c238c8b96e61bd16434088b4a53229c76c23afd	2368269	memory_correctness_oom_20260712	Gate J1: result/failure の raw を raw_data へ内容不変移動 (SHA256 保持)
failure/incomplete/ablation_H1W1A1.stats.txt	raw_data/unsuccessful/failed/profiling/ablation_H1W1A1_incomplete/job_2359175_20260711/ablation_H1W1A1.stats.txt	raw	ecc82d6e51d065fea8f2219f4a9dd058480f8834630222c5cd099b6ba11d6868	2359175	phase_def_block_20260710	Gate J1: result/failure の raw を raw_data へ内容不変移動 (SHA256 保持)
result/ablation/email_2354999/ablation.log	raw_data/ablation/email-EuAll/job_2354999_20260710/ablation.log	raw	80318d132bba03f6fc07e3338cc3e86ac62a038df3bf440535f155306af650a1	2354999	phase_def_block_20260710	Gate J1: result/failure の raw を raw_data へ内容不変移動 (SHA256 保持)
result/ablation/email_2354999/ablation_results.tsv	raw_data/ablation/email-EuAll/job_2354999_20260710/ablation_results.tsv	raw	77fd81068e345888b98368e4f88162b4a75780e7f25c6786deb7bd6a62b0c45a	2354999	phase_def_block_20260710	Gate J1: result/failure の raw を raw_data へ内容不変移動 (SHA256 保持)
result/ablation/synthetic_2354994/ablation.log	raw_data/ablation/synthetic/job_2354994_20260710/ablation.log	raw	7e0eaf644f40360e0bd8e613d22945f00a5cf7f5fe919f2c46921391bb5da65a	2354994	phase_def_block_20260710	Gate J1: result/failure の raw を raw_data へ内容不変移動 (SHA256 保持)
result/ablation/synthetic_2354994/ablation_results.tsv	raw_data/ablation/synthetic/job_2354994_20260710/ablation_results.tsv	raw	ef0f787086d4dcfb4bba8181aa248ddecef74bda2759d2456af563e5bb5193eb	2354994	phase_def_block_20260710	Gate J1: result/failure の raw を raw_data へ内容不変移動 (SHA256 保持)
result/correctness/memory_paths/canonical_job_2368587/MANIFEST.txt	raw_data/correctness/memory_paths/325557_3216152/_job/job_2368587_20260712/MANIFEST.txt	raw	b2d46123b1278868822071c6aa5da6f20a81f722ba9574cf4ea569c158bec116	2368587	memory_correctness_20260712	Gate J1: result/failure の raw を raw_data へ内容不変移動 (SHA256 保持)
result/correctness/memory_paths/canonical_job_2368587/gpu_opt_b1024.stderr.log	raw_data/correctness/memory_paths/325557_3216152/gpu_opt/um_b1024/job_2368587_20260712/gpu_opt_b1024.stderr.log	raw	478444561357e58a4c720a72d84b7664b3548682b9ca28e3035cef2ddec17e39	2368587	memory_correctness_20260712	Gate J1: result/failure の raw を raw_data へ内容不変移動 (SHA256 保持)
result/correctness/memory_paths/canonical_job_2368587/gpu_opt_b9792.stderr.log	raw_data/correctness/memory_paths/325557_3216152/gpu_opt/um_b9792/job_2368587_20260712/gpu_opt_b9792.stderr.log	raw	63db92bedde167861e251907ed612765d12e92a91eac7247f29dd3993aa1bb72	2368587	memory_correctness_20260712	Gate J1: result/failure の raw を raw_data へ内容不変移動 (SHA256 保持)
result/correctness/memory_paths/canonical_job_2368587/gpu_opt_pure_b1024.stderr.log	raw_data/correctness/memory_paths/325557_3216152/gpu_opt_pure/pure_b1024/job_2368587_20260712/gpu_opt_pure_b1024.stderr.log	raw	655aeb2f1828ab96e75aa08657a45b9cba8cc2f2f75e3a4760712999a1fef967	2368587	memory_correctness_20260712	Gate J1: result/failure の raw を raw_data へ内容不変移動 (SHA256 保持)
result/correctness/memory_paths/canonical_job_2368587/gpu_opt_pure_chunked_b1024.stderr.log	raw_data/correctness/memory_paths/325557_3216152/gpu_opt_pure_chunked/chunked_b1024/job_2368587_20260712/gpu_opt_pure_chunked_b1024.stderr.log	raw	ecb4f63f806dc0699fb81267a6c44d98dea100356c646be0e896e2b3e3fd8d0c	2368587	memory_correctness_20260712	Gate J1: result/failure の raw を raw_data へ内容不変移動 (SHA256 保持)
result/correctness/memory_paths/canonical_job_2368587/gpu_opt_pure_chunked_b16384.stderr.log	raw_data/correctness/memory_paths/325557_3216152/gpu_opt_pure_chunked/chunked_b16384/job_2368587_20260712/gpu_opt_pure_chunked_b16384.stderr.log	raw	22c584a3770fff092fb9bbd679f8c1217d85a7ccc084010e82b46cbeaec8c6cc	2368587	memory_correctness_20260712	Gate J1: result/failure の raw を raw_data へ内容不変移動 (SHA256 保持)
result/correctness/memory_paths/canonical_job_2368587/pathmerge_b4096.stderr.log	raw_data/correctness/memory_paths/325557_3216152/pathmerge_bc/pathmerge_b4096/job_2368587_20260712/pathmerge_b4096.stderr.log	raw	bdb2eabc79784bb0f89904f6e6117e153bea252ee95b3f2f968d67d20b2cf8f7	2368587	memory_correctness_20260712	Gate J1: result/failure の raw を raw_data へ内容不変移動 (SHA256 保持)
result/correctness/memory_paths/canonical_job_2368587/run.log	raw_data/correctness/memory_paths/325557_3216152/_job/job_2368587_20260712/run.log	raw	d6f43ac337543af3ef5134f0a03d06bb8c411fafbf9433e374be1818f885577f	2368587	memory_correctness_20260712	Gate J1: result/failure の raw を raw_data へ内容不変移動 (SHA256 保持)
result/correctness/memory_paths/diagnostic_job_2369632/CONTROL/stderr.log	raw_data/correctness/memory_paths/325557_3216152/gpu_opt/um_b1024_control/job_2369632_20260713/stderr.log	raw	c7bcdce2f73f275cab384eb200f7490426dca7eeac6a9d18b478f710008e4bb0	2369632	memory_diagnostic_20260713	Gate J1: result/failure の raw を raw_data へ内容不変移動 (SHA256 保持)
result/correctness/memory_paths/diagnostic_job_2369632/MANIFEST.txt	raw_data/correctness/memory_paths/325557_3216152/_job/job_2369632_20260713/MANIFEST.txt	raw	07f22ae6ca7bb2ce2f1f6399320736c5eab21831bddd038184f566a9b7ede359	2369632	memory_diagnostic_20260713	Gate J1: result/failure の raw を raw_data へ内容不変移動 (SHA256 保持)
result/correctness/memory_paths/diagnostic_job_2369632/T-NSEFF/stderr.log	raw_data/correctness/memory_paths/325557_3216152/gpu_opt/um_b1024_tnseff/job_2369632_20260713/stderr.log	raw	173200ce2fb78e36e2015f9a369d48fdbb3b36bd6b7dee110365a22ac6ceabc7	2369632	memory_diagnostic_20260713	Gate J1: result/failure の raw を raw_data へ内容不変移動 (SHA256 保持)
result/correctness/memory_paths/diagnostic_job_2369632/T-RESET/stderr.log	raw_data/correctness/memory_paths/325557_3216152/gpu_opt/um_b1024_treset/job_2369632_20260713/stderr.log	raw	52ac470382d24909bb22f746e6cd6b1f8dcfe7b24e87694167913f36aa217950	2369632	memory_diagnostic_20260713	Gate J1: result/failure の raw を raw_data へ内容不変移動 (SHA256 保持)
result/correctness/memory_paths/diagnostic_job_2369632/run.log	raw_data/correctness/memory_paths/325557_3216152/_job/job_2369632_20260713/run.log	raw	36c2999eb107b203bd22feb14004337e06af60861912126f0cb4a698a0b5107f	2369632	memory_diagnostic_20260713	Gate J1: result/failure の raw を raw_data へ内容不変移動 (SHA256 保持)
result/correctness/small_full_vector/MANIFEST.txt	raw_data/correctness/small_full_vector/_job/job_2367583_20260712/MANIFEST.txt	raw	ec889c0d98c6da71b5d9a665e3e61fd54da5f833ffb13af2143c27e0677c4a65	2367583	small_correctness_20260712	Gate J1: result/failure の raw を raw_data へ内容不変移動 (SHA256 保持)
result/correctness/small_full_vector/benchmark_11023_62184/gpu_opt.stderr.log	raw_data/correctness/small_full_vector/benchmark_11023_62184/gpu_opt/um_b512/job_2367583_20260712/gpu_opt.stderr.log	raw	fd88670b29ec6c5d381b32dd373686f69d5958e79e51081e31bae52dd1631946	2367583	small_correctness_20260712	Gate J1: result/failure の raw を raw_data へ内容不変移動 (SHA256 保持)
result/correctness/small_full_vector/benchmark_11023_62184/sequential.stderr.log	raw_data/correctness/small_full_vector/benchmark_11023_62184/sequential/seq/job_2367583_20260712/sequential.stderr.log	raw	d7ebec77a0a9d80c8e5c742f25b9bb765a193b9f17dc448d9873061dca15e3e3	2367583	small_correctness_20260712	Gate J1: result/failure の raw を raw_data へ内容不変移動 (SHA256 保持)
result/correctness/small_full_vector/benchmark_7000_41459/gpu_opt.stderr.log	raw_data/correctness/small_full_vector/benchmark_7000_41459/gpu_opt/um_b512/job_2367583_20260712/gpu_opt.stderr.log	raw	55d5a66dfa84523f0307489fdcfc9d034a140594d4d7de9e2d86c0737f4f95f3	2367583	small_correctness_20260712	Gate J1: result/failure の raw を raw_data へ内容不変移動 (SHA256 保持)
result/correctness/small_full_vector/benchmark_7000_41459/sequential.stderr.log	raw_data/correctness/small_full_vector/benchmark_7000_41459/sequential/seq/job_2367583_20260712/sequential.stderr.log	raw	117af5d6e946777f53ce23276506ae12a8c515eafe4eb3ff7d0b336900031d0d	2367583	small_correctness_20260712	Gate J1: result/failure の raw を raw_data へ内容不変移動 (SHA256 保持)
result/correctness/small_full_vector/chain_200/gpu_opt.stderr.log	raw_data/correctness/small_full_vector/chain_200/gpu_opt/um_b512/job_2367583_20260712/gpu_opt.stderr.log	raw	0c72a07cbbdc2b40b4fd773b3a63a4a4314e3e1564e5ca2e8ca6e413b6fb7958	2367583	small_correctness_20260712	Gate J1: result/failure の raw を raw_data へ内容不変移動 (SHA256 保持)
result/correctness/small_full_vector/chain_200/sequential.stderr.log	raw_data/correctness/small_full_vector/chain_200/sequential/seq/job_2367583_20260712/sequential.stderr.log	raw	444fdde7a49e404403d6d1c7f717b23bcfefc9a475fbb53f15e12f6e63e4e9a2	2367583	small_correctness_20260712	Gate J1: result/failure の raw を raw_data へ内容不変移動 (SHA256 保持)
result/correctness/small_full_vector/run.log	raw_data/correctness/small_full_vector/_job/job_2367583_20260712/run.log	raw	448228a5242da2db4fb4e2e4dacf6e87a5028524639319267006035d88caa7e3	2367583	small_correctness_20260712	Gate J1: result/failure の raw を raw_data へ内容不変移動 (SHA256 保持)
result/main_performance/proposed_variants/email-EuAll/benchmark.log	raw_data/main_performance/proposed_variants/email-EuAll/_run/job_2357334_20260711/benchmark.log	raw	9b57cf09f7c9496a7391aba36ded08921cf74c08fc734bbcf296eb1b26d5cd1c	2357334	phase_def_block_20260710	Gate J1: result/failure の raw を raw_data へ内容不変移動 (SHA256 保持)
result/main_performance/proposed_variants/email-EuAll/max_bc.tsv	raw_data/main_performance/proposed_variants/email-EuAll/_run/job_2357334_20260711/max_bc.tsv	raw	0c708ffc33fd83bf905369cf7b1db40804142c08d03ce6231f3b33862d095032	2357334	phase_def_block_20260710	Gate J1: result/failure の raw を raw_data へ内容不変移動 (SHA256 保持)
result/main_performance/proposed_variants/email-EuAll/phase_timing.log	raw_data/main_performance/proposed_variants/email-EuAll/_run/job_2357334_20260711/phase_timing.log	raw	532eca9d544cf94be1def98a7b55fc3a615dfe9dfab273d218ef486b66abdeaa	2357334	phase_def_block_20260710	Gate J1: result/failure の raw を raw_data へ内容不変移動 (SHA256 保持)
result/main_performance/proposed_variants/email-EuAll/results.tsv	raw_data/main_performance/proposed_variants/email-EuAll/_run/job_2357334_20260711/results.tsv	raw	19eaa3b29c9300bc11f974bc0064f02f6ae3ef6b6c771a5fbedbd082c8468576	2357334	phase_def_block_20260710	Gate J1: result/failure の raw を raw_data へ内容不変移動 (SHA256 保持)
result/main_performance/proposed_variants/roadNet-CA/benchmark.log	raw_data/main_performance/proposed_variants/roadNet-CA/_run/job_2357334_20260711/benchmark.log	raw	f24b9c2b51ba0733a2f557c41447d6d949645458edab764b40ac85d893dd8cc3	2357334	phase_def_block_20260710	Gate J1: result/failure の raw を raw_data へ内容不変移動 (SHA256 保持)
result/main_performance/proposed_variants/roadNet-CA/max_bc.tsv	raw_data/main_performance/proposed_variants/roadNet-CA/_run/job_2357334_20260711/max_bc.tsv	raw	3a84f62771df9545e82b09b944c7b849119c209873fea77154b0aafaae6a21cf	2357334	phase_def_block_20260710	Gate J1: result/failure の raw を raw_data へ内容不変移動 (SHA256 保持)
result/main_performance/proposed_variants/roadNet-CA/phase_timing.log	raw_data/main_performance/proposed_variants/roadNet-CA/_run/job_2357334_20260711/phase_timing.log	raw	a873329f5501ce9ed240f05ee3e208ae38e0402a64313b69a4fb735d1670a21c	2357334	phase_def_block_20260710	Gate J1: result/failure の raw を raw_data へ内容不変移動 (SHA256 保持)
result/main_performance/proposed_variants/roadNet-CA/results.tsv	raw_data/main_performance/proposed_variants/roadNet-CA/_run/job_2357334_20260711/results.tsv	raw	0c4dc2ee0c8d214c884d632ca2b84b153890dc7a49234d2d4f017034cffbc3fd	2357334	phase_def_block_20260710	Gate J1: result/failure の raw を raw_data へ内容不変移動 (SHA256 保持)
result/main_performance/proposed_variants/roadNet-PA/benchmark.log	raw_data/main_performance/proposed_variants/roadNet-PA/_run/job_2357334_20260711/benchmark.log	raw	cd1002bde8a25ddd8084e3e178d3d702c3d513743d8f8815ce1be14418fc454e	2357334	phase_def_block_20260710	Gate J1: result/failure の raw を raw_data へ内容不変移動 (SHA256 保持)
result/main_performance/proposed_variants/roadNet-PA/max_bc.tsv	raw_data/main_performance/proposed_variants/roadNet-PA/_run/job_2357334_20260711/max_bc.tsv	raw	d737f61df5356a69b79e6c6ff5120f3b39844cc4503dbe4de7cd9962007b39ba	2357334	phase_def_block_20260710	Gate J1: result/failure の raw を raw_data へ内容不変移動 (SHA256 保持)
result/main_performance/proposed_variants/roadNet-PA/phase_timing.log	raw_data/main_performance/proposed_variants/roadNet-PA/_run/job_2357334_20260711/phase_timing.log	raw	378d73d3d90c1593fa79b75f94b2449c9e18579fc540151378744320c75ce9a2	2357334	phase_def_block_20260710	Gate J1: result/failure の raw を raw_data へ内容不変移動 (SHA256 保持)
result/main_performance/proposed_variants/roadNet-PA/results.tsv	raw_data/main_performance/proposed_variants/roadNet-PA/_run/job_2357334_20260711/results.tsv	raw	88e09385c4188359a92252209c0493ceb93cecdefcb616d7526e9e6b8ee32eb2	2357334	phase_def_block_20260710	Gate J1: result/failure の raw を raw_data へ内容不変移動 (SHA256 保持)
result/main_performance/proposed_variants/roadNet-TX/benchmark.log	raw_data/main_performance/proposed_variants/roadNet-TX/_run/job_2357334_20260711/benchmark.log	raw	27737385bb6c91c5b341fa92a2a0e7dcc21562cb200013b0129d44c8ac2d50a2	2357334	phase_def_block_20260710	Gate J1: result/failure の raw を raw_data へ内容不変移動 (SHA256 保持)
result/main_performance/proposed_variants/roadNet-TX/max_bc.tsv	raw_data/main_performance/proposed_variants/roadNet-TX/_run/job_2357334_20260711/max_bc.tsv	raw	98d785b0a354602e82f550e983aaef696fc9ced2e832f4565afb9cac58131c81	2357334	phase_def_block_20260710	Gate J1: result/failure の raw を raw_data へ内容不変移動 (SHA256 保持)
result/main_performance/proposed_variants/roadNet-TX/phase_timing.log	raw_data/main_performance/proposed_variants/roadNet-TX/_run/job_2357334_20260711/phase_timing.log	raw	955a3d372d046b46eadc4dbce083d5bc0668ac394d28010c9f893fec1990ea3b	2357334	phase_def_block_20260710	Gate J1: result/failure の raw を raw_data へ内容不変移動 (SHA256 保持)
result/main_performance/proposed_variants/roadNet-TX/results.tsv	raw_data/main_performance/proposed_variants/roadNet-TX/_run/job_2357334_20260711/results.tsv	raw	d07218e83497afb4c9a6f2526169154da8852085e562ed573c90839faf0bd4e8	2357334	phase_def_block_20260710	Gate J1: result/failure の raw を raw_data へ内容不変移動 (SHA256 保持)
result/main_performance/seven_implementations/legacy_partial/large/benchmark_no_gpu_opt.log	raw_data/main_performance/seven_implementations/legacy_partial/large/no_gpu_opt/job_notrecorded_legacy/benchmark_no_gpu_opt.log	raw	705211d08c2329306b2fdf654c5a3ea56edc24ec2865f3ca8ca78bb0dc8f3e00	not_recorded	oldtree_f05ec52_20260512	Gate J1: result/failure の raw を raw_data へ内容不変移動 (SHA256 保持)
result/main_performance/seven_implementations/legacy_partial/large/gpu_opt_and_gpu_opt_pure_chunked/benchmark.log	raw_data/main_performance/seven_implementations/legacy_partial/large/gpu_opt_and_gpu_opt_pure_chunked/job_notrecorded_legacy/benchmark.log	raw	4c1b2571a9cc26c385ae281414ed707a199aff743bb46ba23032fb69966742be	not_recorded	oldtree_f05ec52_20260512	Gate J1: result/failure の raw を raw_data へ内容不変移動 (SHA256 保持)
result/main_performance/seven_implementations/legacy_partial/large/gpu_opt_and_gpu_opt_pure_chunked/max_bc.tsv	raw_data/main_performance/seven_implementations/legacy_partial/large/gpu_opt_and_gpu_opt_pure_chunked/job_notrecorded_legacy/max_bc.tsv	raw	0585999145e3770eb0bacda9606d6579f3bbcf18c6dd6bc80d2a2b76fc94ebe4	not_recorded	oldtree_f05ec52_20260512	Gate J1: result/failure の raw を raw_data へ内容不変移動 (SHA256 保持)
result/main_performance/seven_implementations/legacy_partial/large/gpu_opt_and_gpu_opt_pure_chunked/phase_timing.log	raw_data/main_performance/seven_implementations/legacy_partial/large/gpu_opt_and_gpu_opt_pure_chunked/job_notrecorded_legacy/phase_timing.log	raw	76ee7a6cd85c49bf0b2e5701a7a270fde2fd326771f95dbe31cf532a4b6a1afa	not_recorded	oldtree_f05ec52_20260512	Gate J1: result/failure の raw を raw_data へ内容不変移動 (SHA256 保持)
result/main_performance/seven_implementations/legacy_partial/large/gpu_opt_and_gpu_opt_pure_chunked/results.tsv	raw_data/main_performance/seven_implementations/legacy_partial/large/gpu_opt_and_gpu_opt_pure_chunked/job_notrecorded_legacy/results.tsv	raw	398a70b35f20ae1fd414945a3130361a6766fe0d1f233304ff6129b5224f1c0b	not_recorded	oldtree_f05ec52_20260512	Gate J1: result/failure の raw を raw_data へ内容不変移動 (SHA256 保持)
result/main_performance/seven_implementations/legacy_partial/large/max_bc_no_gpu_opt.tsv	raw_data/main_performance/seven_implementations/legacy_partial/large/no_gpu_opt/job_notrecorded_legacy/max_bc_no_gpu_opt.tsv	raw	5b469b086fbcc46d1640881f08ce96760736c645b9843bc32831bafb7b37a230	not_recorded	oldtree_f05ec52_20260512	Gate J1: result/failure の raw を raw_data へ内容不変移動 (SHA256 保持)
result/main_performance/seven_implementations/legacy_partial/large/phase_timing_no_gpu_opt.log	raw_data/main_performance/seven_implementations/legacy_partial/large/no_gpu_opt/job_notrecorded_legacy/phase_timing_no_gpu_opt.log	raw	a45a37a0371aab6433cf957ceca1da134d4f1ca8cb1356b476261cf0aeaaa4e1	not_recorded	oldtree_f05ec52_20260512	Gate J1: result/failure の raw を raw_data へ内容不変移動 (SHA256 保持)
result/main_performance/seven_implementations/legacy_partial/large/results_no_gpu_opt.tsv	raw_data/main_performance/seven_implementations/legacy_partial/large/no_gpu_opt/job_notrecorded_legacy/results_no_gpu_opt.tsv	raw	e4e42bee784c4ea499f17e38f6f48ed0d6a4a3723e2b235c3263e935dae725e9	not_recorded	oldtree_f05ec52_20260512	Gate J1: result/failure の raw を raw_data へ内容不変移動 (SHA256 保持)
result/main_performance/seven_implementations/legacy_partial/medium/benchmark_no_gpu_opt.log	raw_data/main_performance/seven_implementations/legacy_partial/medium/no_gpu_opt/job_notrecorded_legacy/benchmark_no_gpu_opt.log	raw	ccfdc4967ea3c8a3c495266f890e55c32a618a2b4db78de9d7a3aecd78e5751b	not_recorded	oldtree_f05ec52_20260512	Gate J1: result/failure の raw を raw_data へ内容不変移動 (SHA256 保持)
result/main_performance/seven_implementations/legacy_partial/medium/gpu_opt_and_gpu_opt_pure_chunked/benchmark.log	raw_data/main_performance/seven_implementations/legacy_partial/medium/gpu_opt_and_gpu_opt_pure_chunked/job_notrecorded_legacy/benchmark.log	raw	dc2efa82cc8af5f74b6e9e3b85f20ef0739069c3a04bba39b8bb18389409f31d	not_recorded	oldtree_f05ec52_20260512	Gate J1: result/failure の raw を raw_data へ内容不変移動 (SHA256 保持)
result/main_performance/seven_implementations/legacy_partial/medium/gpu_opt_and_gpu_opt_pure_chunked/max_bc.tsv	raw_data/main_performance/seven_implementations/legacy_partial/medium/gpu_opt_and_gpu_opt_pure_chunked/job_notrecorded_legacy/max_bc.tsv	raw	2fd095a2e635c68ff56d8a50f77291013246647ece80546f12ff0700bf203a45	not_recorded	oldtree_f05ec52_20260512	Gate J1: result/failure の raw を raw_data へ内容不変移動 (SHA256 保持)
result/main_performance/seven_implementations/legacy_partial/medium/gpu_opt_and_gpu_opt_pure_chunked/phase_timing.log	raw_data/main_performance/seven_implementations/legacy_partial/medium/gpu_opt_and_gpu_opt_pure_chunked/job_notrecorded_legacy/phase_timing.log	raw	a6cbc72eb3fec57a4b2365d32aadbc112f39bcefc0a6714fbab4d14e45577a67	not_recorded	oldtree_f05ec52_20260512	Gate J1: result/failure の raw を raw_data へ内容不変移動 (SHA256 保持)
result/main_performance/seven_implementations/legacy_partial/medium/gpu_opt_and_gpu_opt_pure_chunked/results.tsv	raw_data/main_performance/seven_implementations/legacy_partial/medium/gpu_opt_and_gpu_opt_pure_chunked/job_notrecorded_legacy/results.tsv	raw	320285a68e8c4f966d41ab56a0d35476892a7e344b905de1e458365cacc295dd	not_recorded	oldtree_f05ec52_20260512	Gate J1: result/failure の raw を raw_data へ内容不変移動 (SHA256 保持)
result/main_performance/seven_implementations/legacy_partial/medium/max_bc_no_gpu_opt.tsv	raw_data/main_performance/seven_implementations/legacy_partial/medium/no_gpu_opt/job_notrecorded_legacy/max_bc_no_gpu_opt.tsv	raw	43e9d958afd4be30abe16cb3efaf42f01a01f0b0dd11b29e96f04abac2d7f282	not_recorded	oldtree_f05ec52_20260512	Gate J1: result/failure の raw を raw_data へ内容不変移動 (SHA256 保持)
result/main_performance/seven_implementations/legacy_partial/medium/phase_timing_no_gpu_opt.log	raw_data/main_performance/seven_implementations/legacy_partial/medium/no_gpu_opt/job_notrecorded_legacy/phase_timing_no_gpu_opt.log	raw	afb078daf582da154d215d9868cb74957b1bcdb3a300ebe09b6247dc9808220c	not_recorded	oldtree_f05ec52_20260512	Gate J1: result/failure の raw を raw_data へ内容不変移動 (SHA256 保持)
result/main_performance/seven_implementations/legacy_partial/medium/results_no_gpu_opt.tsv	raw_data/main_performance/seven_implementations/legacy_partial/medium/no_gpu_opt/job_notrecorded_legacy/results_no_gpu_opt.tsv	raw	9e40cc99011013afdb03a2799df949adb0f6ab23f67e9b1fb9c34db85c18dc36	not_recorded	oldtree_f05ec52_20260512	Gate J1: result/failure の raw を raw_data へ内容不変移動 (SHA256 保持)
result/main_performance/seven_implementations/legacy_partial/small/benchmark_no_gpu_opt.log	raw_data/main_performance/seven_implementations/legacy_partial/small/no_gpu_opt/job_notrecorded_legacy/benchmark_no_gpu_opt.log	raw	1b76cbbaa405c739cd9364153da1dcd1770e2792e3b2064422fb4a2d74b2a742	not_recorded	oldtree_f05ec52_20260512	Gate J1: result/failure の raw を raw_data へ内容不変移動 (SHA256 保持)
result/main_performance/seven_implementations/legacy_partial/small/gpu_opt_and_gpu_opt_pure_chunked/benchmark.log	raw_data/main_performance/seven_implementations/legacy_partial/small/gpu_opt_and_gpu_opt_pure_chunked/job_notrecorded_legacy/benchmark.log	raw	72fe8d27fd1095bb7fa751867362d0669267ab92a3f21e3249f1f4cc6e76cb5d	not_recorded	oldtree_f05ec52_20260512	Gate J1: result/failure の raw を raw_data へ内容不変移動 (SHA256 保持)
result/main_performance/seven_implementations/legacy_partial/small/gpu_opt_and_gpu_opt_pure_chunked/max_bc.tsv	raw_data/main_performance/seven_implementations/legacy_partial/small/gpu_opt_and_gpu_opt_pure_chunked/job_notrecorded_legacy/max_bc.tsv	raw	705c71e8ff1ea6dec581ca496730d12fed03425200540a243a352ae414e801b9	not_recorded	oldtree_f05ec52_20260512	Gate J1: result/failure の raw を raw_data へ内容不変移動 (SHA256 保持)
result/main_performance/seven_implementations/legacy_partial/small/gpu_opt_and_gpu_opt_pure_chunked/phase_timing.log	raw_data/main_performance/seven_implementations/legacy_partial/small/gpu_opt_and_gpu_opt_pure_chunked/job_notrecorded_legacy/phase_timing.log	raw	c2b12d8f5c5611a86d0cfda11c7277ea80d77879e8ef4c733b20d05f300aaf51	not_recorded	oldtree_f05ec52_20260512	Gate J1: result/failure の raw を raw_data へ内容不変移動 (SHA256 保持)
result/main_performance/seven_implementations/legacy_partial/small/gpu_opt_and_gpu_opt_pure_chunked/results.tsv	raw_data/main_performance/seven_implementations/legacy_partial/small/gpu_opt_and_gpu_opt_pure_chunked/job_notrecorded_legacy/results.tsv	raw	82f5f4e282831db3bd7073df23fb6ac408d2a0dbb9d44bd38a8f2e9c6d42758d	not_recorded	oldtree_f05ec52_20260512	Gate J1: result/failure の raw を raw_data へ内容不変移動 (SHA256 保持)
result/main_performance/seven_implementations/legacy_partial/small/max_bc_no_gpu_opt.tsv	raw_data/main_performance/seven_implementations/legacy_partial/small/no_gpu_opt/job_notrecorded_legacy/max_bc_no_gpu_opt.tsv	raw	0726b76088b25c065962cb67e1d5300941347eb5b0e6b3c002306a762390b8f8	not_recorded	oldtree_f05ec52_20260512	Gate J1: result/failure の raw を raw_data へ内容不変移動 (SHA256 保持)
result/main_performance/seven_implementations/legacy_partial/small/phase_timing_no_gpu_opt.log	raw_data/main_performance/seven_implementations/legacy_partial/small/no_gpu_opt/job_notrecorded_legacy/phase_timing_no_gpu_opt.log	raw	6534ca029f7ba5d302d97d8d1f717b9506847603e084cc74b2f8d6220bc83d10	not_recorded	oldtree_f05ec52_20260512	Gate J1: result/failure の raw を raw_data へ内容不変移動 (SHA256 保持)
result/main_performance/seven_implementations/legacy_partial/small/results_no_gpu_opt.tsv	raw_data/main_performance/seven_implementations/legacy_partial/small/no_gpu_opt/job_notrecorded_legacy/results_no_gpu_opt.tsv	raw	a2cb5b57eafdac516ceb003b47247b981fb60350b144118adc803d28c1b18c74	not_recorded	oldtree_f05ec52_20260512	Gate J1: result/failure の raw を raw_data へ内容不変移動 (SHA256 保持)
result/memory_scalability/oversubscribe_results_gpu_opt.tsv	raw_data/memory_scalability/325557_3216152/gpu_opt/job_notrecorded_20260512/oversubscribe_results_gpu_opt.tsv	raw	aafaef232511b8d76a6cbe124db83ef826c73873bc5780bb85e8066310bf0a7f	not_recorded	oldtree_f05ec52_20260512	Gate J1: result/failure の raw を raw_data へ内容不変移動 (SHA256 保持)
result/memory_scalability/oversubscribe_results_gpu_opt_pure.tsv	raw_data/memory_scalability/325557_3216152/gpu_opt_pure/job_notrecorded_20260512/oversubscribe_results_gpu_opt_pure.tsv	raw	216e0b4657f2ea9cec61987efb99f03eaa1b0f51948c796fd0baf39b52873f49	not_recorded	oldtree_f05ec52_20260512	Gate J1: result/failure の raw を raw_data へ内容不変移動 (SHA256 保持)
result/memory_scalability/oversubscribe_results_gpu_opt_pure_chunked.tsv	raw_data/memory_scalability/325557_3216152/gpu_opt_pure_chunked/job_notrecorded_20260512/oversubscribe_results_gpu_opt_pure_chunked.tsv	raw	018f5b1a485663ff41c8d99b07a761d48e5852b519ba84b332dce9a72af0ba1c	not_recorded	oldtree_f05ec52_20260512	Gate J1: result/failure の raw を raw_data へ内容不変移動 (SHA256 保持)
result/memory_scalability/um_experiment_gpu_opt.log	raw_data/memory_scalability/325557_3216152/gpu_opt/job_notrecorded_20260512/um_experiment_gpu_opt.log	raw	3eb63e738ae102781195d71484d285c4d6273967eab14ababefa8d4469c9e802	not_recorded	oldtree_f05ec52_20260512	Gate J1: result/failure の raw を raw_data へ内容不変移動 (SHA256 保持)
result/memory_scalability/um_experiment_gpu_opt_pure.log	raw_data/memory_scalability/325557_3216152/gpu_opt_pure/job_notrecorded_20260512/um_experiment_gpu_opt_pure.log	raw	2fca7fe6f82379b0c29071d8965bd8fc43412f9d3440f287db1031661d1b28dd	not_recorded	oldtree_f05ec52_20260512	Gate J1: result/failure の raw を raw_data へ内容不変移動 (SHA256 保持)
result/memory_scalability/um_experiment_gpu_opt_pure_chunked.log	raw_data/memory_scalability/325557_3216152/gpu_opt_pure_chunked/job_notrecorded_20260512/um_experiment_gpu_opt_pure_chunked.log	raw	381d1a26948113e2bf429eceb18ff017fa8abc67f4582cb1b48b40233ec43fe1	not_recorded	oldtree_f05ec52_20260512	Gate J1: result/failure の raw を raw_data へ内容不変移動 (SHA256 保持)
result/profiling/ablation_H1W1A0.console.log	raw_data/profiling/job_2359175_20260711/ablation_H1W1A0.console.log	raw	262c53fb9eee797a167b77e9ff9e66c82f286808ec000cbbb0407bd86aa819f5	2359175	phase_def_block_20260710	Gate J1: result/failure の raw を raw_data へ内容不変移動 (SHA256 保持)
result/profiling/ablation_H1W1A0.nsys-rep	raw_data/profiling/job_2359175_20260711/ablation_H1W1A0.nsys-rep	raw	5dcf9a443805cb1c16a7fb896addeb40c9c5faeb14bc0b2867dbd08508751641	2359175	phase_def_block_20260710	Gate J1: result/failure の raw を raw_data へ内容不変移動 (SHA256 保持)
result/profiling/ablation_H1W1A0.stats.txt	raw_data/profiling/job_2359175_20260711/ablation_H1W1A0.stats.txt	raw	700908a782c3187829ff35673cd66566bfed03744ee1863e3a9a4f35ff074962	2359175	phase_def_block_20260710	Gate J1: result/failure の raw を raw_data へ内容不変移動 (SHA256 保持)
result/profiling/ablation_H1W1A1.console.log	raw_data/profiling/job_2359175_20260711/ablation_H1W1A1.console.log	raw	9ba6b4c266d452002db7770f934dce134734802f9a3c3148217ff2f361d1d78b	2359175	phase_def_block_20260710	Gate J1: result/failure の raw を raw_data へ内容不変移動 (SHA256 保持)
result/profiling/ablation_H1W1A1.nsys-rep	raw_data/profiling/job_2359175_20260711/ablation_H1W1A1.nsys-rep	raw	40844307e6154bac4485af93b4ecb761176b3c5569bb262d6e68fea1af2b72ed	2359175	phase_def_block_20260710	Gate J1: result/failure の raw を raw_data へ内容不変移動 (SHA256 保持)
result/profiling/ablation_H1W1A1.stats.txt	raw_data/profiling/job_2359175_20260711/ablation_H1W1A1.stats.txt	raw	21591c276f0f003c48f95e29cc08aaba6174d7a0ad270908663545df884c3ef7	2359175	phase_def_block_20260710	Gate J1: result/failure の raw を raw_data へ内容不変移動 (SHA256 保持)
result/profiling/bandwidth.log	raw_data/profiling/job_2359175_20260711/bandwidth.log	raw	baf4c915449ca7f65aa079f325142bed1f67e2e00e87752881d327065ff9c80f	2359175	phase_def_block_20260710	Gate J1: result/failure の raw を raw_data へ内容不変移動 (SHA256 保持)
result/profiling/um_prefetch_gpu_opt.console.log	raw_data/profiling/job_2359175_20260711/um_prefetch_gpu_opt.console.log	raw	81c66d51ea7a603ef21c6500541c2d658caca294b2d6e6e0516be1dbf482823f	2359175	phase_def_block_20260710	Gate J1: result/failure の raw を raw_data へ内容不変移動 (SHA256 保持)
result/profiling/um_prefetch_gpu_opt.nsys-rep	raw_data/profiling/job_2359175_20260711/um_prefetch_gpu_opt.nsys-rep	raw	898185885b9c7ac01776c76570d6966e1f239fb25c65ce0bc904aa94c1e0b60e	2359175	phase_def_block_20260710	Gate J1: result/failure の raw を raw_data へ内容不変移動 (SHA256 保持)
result/profiling/um_prefetch_gpu_opt.stats.txt	raw_data/profiling/job_2359175_20260711/um_prefetch_gpu_opt.stats.txt	raw	2d992451a3e01c4387d4d351eaa4e33e12fe942f3e38d04f0cde69e0e7e9afb3	2359175	phase_def_block_20260710	Gate J1: result/failure の raw を raw_data へ内容不変移動 (SHA256 保持)
result/tuning/kernel_selection/roadNet-PA/kernel_selection.log	raw_data/tuning/kernel_selection/roadNet-PA/gpu_opt_forced/job_2354329_20260710/kernel_selection.log	raw	67078f2a2b153bd2350e0104b3efb20bdb9ab91a8b81212b017f3d3c39321315	2354329	phase_def_block_20260710	Gate J1: result/failure の raw を raw_data へ内容不変移動 (SHA256 保持)
result/tuning/kernel_selection/roadNet-PA/kernel_selection_max_bc.tsv	raw_data/tuning/kernel_selection/roadNet-PA/gpu_opt_forced/job_2354329_20260710/kernel_selection_max_bc.tsv	raw	38adae01a9500af8b23b0d9b73b8758553be2b3ca25e31a0ae8d3aa53fcb2fdc	2354329	phase_def_block_20260710	Gate J1: result/failure の raw を raw_data へ内容不変移動 (SHA256 保持)
result/tuning/kernel_selection/roadNet-PA/kernel_selection_results.tsv	raw_data/tuning/kernel_selection/roadNet-PA/gpu_opt_forced/job_2354329_20260710/kernel_selection_results.tsv	raw	4567be8edc0b32339cf32cbc806f68d128650d739b5247e316327f0201c04a22	2354329	phase_def_block_20260710	Gate J1: result/failure の raw を raw_data へ内容不変移動 (SHA256 保持)
result/tuning/kernel_selection/roadNet-TX/kernel_selection.log	raw_data/tuning/kernel_selection/roadNet-TX/gpu_opt_forced/job_2354330_20260710/kernel_selection.log	raw	0b2b41253446f0d3bbf3aa2113ccf295b9531037639409d6f489ca236f9d85f4	2354330	phase_def_block_20260710	Gate J1: result/failure の raw を raw_data へ内容不変移動 (SHA256 保持)
result/tuning/kernel_selection/roadNet-TX/kernel_selection_max_bc.tsv	raw_data/tuning/kernel_selection/roadNet-TX/gpu_opt_forced/job_2354330_20260710/kernel_selection_max_bc.tsv	raw	13205ab081164737468f0048cfad39def10950b1bc277c02876a6d453bf586d5	2354330	phase_def_block_20260710	Gate J1: result/failure の raw を raw_data へ内容不変移動 (SHA256 保持)
result/tuning/kernel_selection/roadNet-TX/kernel_selection_results.tsv	raw_data/tuning/kernel_selection/roadNet-TX/gpu_opt_forced/job_2354330_20260710/kernel_selection_results.tsv	raw	c336a81787c5499f94f64e046457a59781f1673d9737865164955e61dcb10da0	2354330	phase_def_block_20260710	Gate J1: result/failure の raw を raw_data へ内容不変移動 (SHA256 保持)
result/tuning/pathmerge/325557/pathmerge_sweep.log	raw_data/tuning/pathmerge/325557/pathmerge_bc/job_multi_20260710/pathmerge_sweep.log	raw	5caa7fcc9838ccca9a72caef605bc2cf3237b9508af0ec4a2d856f4b51acd11f	multi	phase_def_block_20260710	Gate J1: result/failure の raw を raw_data へ内容不変移動 (SHA256 保持)
result/tuning/pathmerge/325557/pathmerge_sweep_results.tsv	raw_data/tuning/pathmerge/325557/pathmerge_bc/job_multi_20260710/pathmerge_sweep_results.tsv	raw	f5a659daecf52fa19ee0bc0c2727f63a59843b9073c5a3c6d6512b405a1b9837	multi	phase_def_block_20260710	Gate J1: result/failure の raw を raw_data へ内容不変移動 (SHA256 保持)
result/tuning/pathmerge/email-EuAll/email_smallbatch_trial1.tsv	raw_data/tuning/pathmerge/email-EuAll/pathmerge_bc/job_multi_20260710/email_smallbatch_trial1.tsv	raw	4ac33b396d3c088f68a594ca960531c891253d327a4798807f99f45998e7b15b	multi	phase_def_block_20260710	Gate J1: result/failure の raw を raw_data へ内容不変移動 (SHA256 保持)
result/tuning/pathmerge/email-EuAll/pathmerge_sweep.log	raw_data/tuning/pathmerge/email-EuAll/pathmerge_bc/job_multi_20260710/pathmerge_sweep.log	raw	767c2c0acd11856fc03ffda18139e0602555e2e766eae1e003ece0d7cb77c60a	multi	phase_def_block_20260710	Gate J1: result/failure の raw を raw_data へ内容不変移動 (SHA256 保持)
result/tuning/pathmerge/email-EuAll/pathmerge_sweep_results.tsv	raw_data/tuning/pathmerge/email-EuAll/pathmerge_bc/job_multi_20260710/pathmerge_sweep_results.tsv	raw	7717836d797e3afb5bb62b77180dc625eea180d9ad83bf3e26d5b40cc33304a5	multi	phase_def_block_20260710	Gate J1: result/failure の raw を raw_data へ内容不変移動 (SHA256 保持)
result/tuning/pathmerge/roadNet-CA/pathmerge_sweep_results.tsv	raw_data/tuning/pathmerge/roadNet-CA/pathmerge_bc/job_multi_20260710/pathmerge_sweep_results.tsv	raw	06a6adae0340f762893b81ad10afc5b451edb2dfac1caba8c1a6c0ae231c2792	multi	phase_def_block_20260710	Gate J1: result/failure の raw を raw_data へ内容不変移動 (SHA256 保持)
result/tuning/pathmerge/roadNet-PA/pathmerge_sweep.log	raw_data/tuning/pathmerge/roadNet-PA/pathmerge_bc/job_multi_20260710/pathmerge_sweep.log	raw	59418cba3c0d6e52b8c25a350cb33f37e18795756c7e166bc041553e0f8e6f29	multi	phase_def_block_20260710	Gate J1: result/failure の raw を raw_data へ内容不変移動 (SHA256 保持)
result/tuning/pathmerge/roadNet-PA/pathmerge_sweep_results.tsv	raw_data/tuning/pathmerge/roadNet-PA/pathmerge_bc/job_multi_20260710/pathmerge_sweep_results.tsv	raw	2e7c13ce9ff659e1d2128a2ae5f057685898182fb910c7af55937d09914a378f	multi	phase_def_block_20260710	Gate J1: result/failure の raw を raw_data へ内容不変移動 (SHA256 保持)
result/tuning/pathmerge/roadNet-TX/pathmerge_sweep_results.tsv	raw_data/tuning/pathmerge/roadNet-TX/pathmerge_bc/job_multi_20260710/pathmerge_sweep_results.tsv	raw	c5e171c1d43186438e8fab2357e491af17df26a735ed2c47144e20dbcd57d43d	multi	phase_def_block_20260710	Gate J1: result/failure の raw を raw_data へ内容不変移動 (SHA256 保持)
thesis_bc_project/bc_ablation.o2354994	raw_data/ablation/synthetic/job_2354994_20260710/pbs_stdout.log	raw	d01e287fc7af6e117de37e9deea5e420d9938f7cc43029256c1faba50283e104	2354994	phase_def_block_20260710	Gate J1.1: 残存 external raw を raw_data へ内容不変救出 (SHA256 保持)
thesis_bc_project/bc_ablation.o2354999	raw_data/ablation/email-EuAll/job_2354999_20260710/pbs_stdout.log	raw	ff223c9737f21315098806bcc33fa251842dbbf5203eb3e8c8758d7fe5866d2f	2354999	phase_def_block_20260710	Gate J1.1: 残存 external raw を raw_data へ内容不変救出 (SHA256 保持)
thesis_bc_project/bc_kernel_sel.o2354329	raw_data/tuning/kernel_selection/roadNet-PA/gpu_opt_forced/job_2354329_20260710/pbs_stdout.log	raw	7150702abada0c176a8d437f2da89dd140fcdbce491acca578642f0aa372c3e0	2354329	phase_def_block_20260710	Gate J1.1: 残存 external raw を raw_data へ内容不変救出 (SHA256 保持)
thesis_bc_project/bc_kernel_sel.o2354330	raw_data/tuning/kernel_selection/roadNet-TX/gpu_opt_forced/job_2354330_20260710/pbs_stdout.log	raw	a7f5b42c4d0b2d4649bd05531e44299a1724e0234cca0ea47db2fc70b1b9db65	2354330	phase_def_block_20260710	Gate J1.1: 残存 external raw を raw_data へ内容不変救出 (SHA256 保持)
thesis_bc_project/bc_targeted.o2357334	raw_data/main_performance/proposed_variants/email-EuAll/_run/job_2357334_20260711/pbs_stdout.log	raw	31bdc3a67486382edfc1555c2241decdaa19d355dfaccc5db279955de77b1b0b	2357334	phase_def_block_20260710	Gate J1.1: 残存 external raw を raw_data へ内容不変救出 (SHA256 保持)
thesis_bc_project/bc_targeted.o2357335	raw_data/main_performance/proposed_variants/roadNet-PA/_run/job_2357334_20260711/pbs_stdout.log	raw	9f3828311a1eda75a637b0accea1f855041fa51e875bdc254d8f0ead53ebd372	2357335	phase_def_block_20260710	Gate J1.1: 残存 external raw を raw_data へ内容不変救出 (SHA256 保持)
thesis_bc_project/bc_targeted.o2357336	raw_data/main_performance/proposed_variants/roadNet-TX/_run/job_2357334_20260711/pbs_stdout.log	raw	ce97d68a712b9c5733fc0027374569f52441b94a1301098247b1189b783d668f	2357336	phase_def_block_20260710	Gate J1.1: 残存 external raw を raw_data へ内容不変救出 (SHA256 保持)
thesis_bc_project/bc_targeted.o2357337	raw_data/main_performance/proposed_variants/roadNet-CA/_run/job_2357334_20260711/pbs_stdout.log	raw	dbb6fa171f3772e725bf7ca118cefb6b884d3323789ca397448e42108b8d1fcc	2357337	phase_def_block_20260710	Gate J1.1: 残存 external raw を raw_data へ内容不変救出 (SHA256 保持)
thesis_bc_project/bc_profiling.o2359175	raw_data/profiling/job_2359175_20260711/pbs_stdout.log	raw	ac08fdb671816c8f4910620291e5563bced86f28348ac44d8289b2a8442f5fc1	2359175	phase_def_block_20260710	Gate J1.1: 残存 external raw を raw_data へ内容不変救出 (SHA256 保持)
thesis_bc_project/bc_pm_sweep.o2359080	raw_data/unsuccessful/early_terminated/pathmerge_sweep/roadNet-PA/job_2359080_20260711/pbs_stdout.log	raw	4795544e9ed96f8b5159b331bff5f7323f31ddedcee68753ee0366c6b88feee7	2359080	phase_def_block_20260710	Gate J1.1: 残存 external raw を raw_data へ内容不変救出 (SHA256 保持)
thesis_bc_project/bc_pm_sweep.o2359096	raw_data/unsuccessful/early_terminated/pathmerge_sweep/email-EuAll/job_2359096_20260711/pbs_stdout.log	raw	f4b34fade3acbab7ef042330d320df4515906ed66c894ccca94f331cfacdfb83	2359096	phase_def_block_20260710	Gate J1.1: 残存 external raw を raw_data へ内容不変救出 (SHA256 保持)
thesis_bc_project/bc_pm_sweep.o2355000	raw_data/tuning/pathmerge/325557/pathmerge_bc/job_2355000_20260710/pbs_stdout.log	raw	1cb0314e2cc000996a7367964daa3746825c6634a9cee9fc98f7e948b0437909	2355000	phase_def_block_20260710	Gate J1.1: 残存 external raw を raw_data へ内容不変救出 (SHA256 保持)
thesis_bc_project/bc_pm_sweep.o2355001	raw_data/tuning/pathmerge/roadNet-PA/pathmerge_bc/job_2355001_20260710/pbs_stdout.log	raw	3e6b3d1670c1eea24940f1499cac684ef609e157b86325643f72864b4b74600c	2355001	phase_def_block_20260710	Gate J1.1: 残存 external raw を raw_data へ内容不変救出 (SHA256 保持)
thesis_bc_project/bc_pm_sweep.o2359081	raw_data/tuning/pathmerge/325557/pathmerge_bc/job_2359081_20260711/pbs_stdout.log	raw	940bd7473845fd82685163fe447e7fa952858b352a4dece50b2bbacc88ea8c05	2359081	phase_def_block_20260710	Gate J1.1: 残存 external raw を raw_data へ内容不変救出 (SHA256 保持)
thesis_bc_project/bc_pm_sweep.o2359169	raw_data/tuning/pathmerge/email-EuAll/pathmerge_bc/job_2359169_20260711/pbs_stdout.log	raw	25617f02e121aaf09d2ecfdc3585ef81bb5565d1f445b718076fc4ce393c85fe	2359169	phase_def_block_20260710	Gate J1.1: 残存 external raw を raw_data へ内容不変救出 (SHA256 保持)
thesis_bc_project/bc_ca_screen.o2360073	raw_data/tuning/pathmerge/roadNet-CA/pathmerge_bc/job_2360073_20260711/pbs_stdout.log	raw	f871bde69e704c41867759d7caf692660c005c6f8008ddd904b7cceffef60eb6	2360073	phase_def_block_20260710	Gate J1.1: 残存 external raw を raw_data へ内容不変救出 (SHA256 保持)
thesis_bc_project/bc_tx_screen.o2360072	raw_data/tuning/pathmerge/roadNet-TX/pathmerge_bc/job_2360072_20260711/pbs_stdout.log	raw	f3939bd4849759323d510634264166d1c11ad643496511d3d4653bd4de8f9885	2360072	phase_def_block_20260710	Gate J1.1: 残存 external raw を raw_data へ内容不変救出 (SHA256 保持)
thesis_bc_project/bc_ca_b16.o2361041	raw_data/tuning/pathmerge/roadNet-CA/pathmerge_bc/job_2361041_20260711/pbs_stdout.log	raw	0e13159042dab2365ea7a8f868a242b3c84513559132386c2ff1a02aacd35195	2361041	phase_def_block_20260710	Gate J1.1: 残存 external raw を raw_data へ内容不変救出 (SHA256 保持)
thesis_bc_project/bc_ca_confirm.o2362006	raw_data/tuning/pathmerge/roadNet-CA/pathmerge_bc/job_2362006_20260711/pbs_stdout.log	raw	b0b78844453a0d7a30d85a1493acba0dc07a8e56100a0d649dddff3615f430c4	2362006	phase_def_block_20260710	Gate J1.1: 残存 external raw を raw_data へ内容不変救出 (SHA256 保持)
thesis_bc_project/bc_tx_confirm.o2361040	raw_data/tuning/pathmerge/roadNet-TX/pathmerge_bc/job_2361040_20260711/pbs_stdout.log	raw	c0525c695d7e9c4ff4f5094391f11dd72875f380d1496bc3f81e7846e9c37e3e	2361040	phase_def_block_20260710	Gate J1.1: 残存 external raw を raw_data へ内容不変救出 (SHA256 保持)
thesis_bc_project/bc_ca_correct.o2362965	raw_data/tuning/pathmerge/roadNet-CA/pathmerge_bc/job_2362965_20260711/pbs_stdout.log	raw	09aa7d33e6e5e38c039ee37f7cc25db546c929bdb78e6bc7165ec60cef9ec46a	2362965	phase_def_block_20260710	Gate J1.1: 残存 external raw を raw_data へ内容不変救出 (SHA256 保持)
thesis_bc_project/bc_pm_correct.o2360074	raw_data/tuning/pathmerge/email-EuAll/pathmerge_bc/job_2360074_20260711/pbs_stdout.log	raw	3dbbf61773f94ba4f77544880cd058e813ed507a9c4256bae745280a64dce9d5	2360074	phase_def_block_20260710	Gate J1.1: 残存 external raw を raw_data へ内容不変救出 (SHA256 保持)
thesis_bc_project/bc_phaseB_verify.o2355971	raw_data/tuning/kernel_selection/_phaseB_verify/job_2355971_20260710/pbs_stdout.log	raw	e28c473826e11bb9ac778503d300684fb32704955c7dd841a523fa45de95b55c	2355971	phase_def_block_20260710	Gate J1.1: 残存 external raw を raw_data へ内容不変救出 (SHA256 保持)
thesis_bc_project/build_miyabi/phaseB_verify_out/bc_auto_benchmark_7000_41459.txt	raw_data/tuning/kernel_selection/benchmark_7000_41459/block/gpu_opt/job_2355971_20260710/bc_auto_benchmark_7000_41459.txt	raw	e199e3a738a06dc0baa09dbcc02af193fbd3df36e745c8a005a8d1058662da5a	2355971	phase_def_block_20260710	Gate J1.1: 残存 external raw を raw_data へ内容不変救出 (SHA256 保持)
thesis_bc_project/build_miyabi/phaseB_verify_out/auto_benchmark_7000_41459.err	raw_data/tuning/kernel_selection/benchmark_7000_41459/block/gpu_opt/job_2355971_20260710/auto_benchmark_7000_41459.err	raw	3144d344831c83bac14609d8d35bac7557c68a4202f23e03c249a8a999a3aa43	2355971	phase_def_block_20260710	Gate J1.1: 残存 external raw を raw_data へ内容不変救出 (SHA256 保持)
thesis_bc_project/build_miyabi/phaseB_verify_out/bc_shared_benchmark_7000_41459.txt	raw_data/tuning/kernel_selection/benchmark_7000_41459/shared/gpu_opt/job_2355971_20260710/bc_shared_benchmark_7000_41459.txt	raw	07676a33e384c36bb17ced9d5ea439bae46b2ed402cb71737ea6649acb4ec542	2355971	phase_def_block_20260710	Gate J1.1: 残存 external raw を raw_data へ内容不変救出 (SHA256 保持)
thesis_bc_project/build_miyabi/phaseB_verify_out/shared_benchmark_7000_41459.err	raw_data/tuning/kernel_selection/benchmark_7000_41459/shared/gpu_opt/job_2355971_20260710/shared_benchmark_7000_41459.err	raw	3fee448e9a04d9adf9ce11f906fcbf7665f65c905c464f16e3d18320123eb505	2355971	phase_def_block_20260710	Gate J1.1: 残存 external raw を raw_data へ内容不変救出 (SHA256 保持)
thesis_bc_project/build_miyabi/phaseB_verify_out/bc_auto_email-EuAll.txt	raw_data/tuning/kernel_selection/email-EuAll/block/gpu_opt/job_2355971_20260710/bc_auto_email-EuAll.txt	raw	7f7f955678dbfab3c2f42b65540412828548c832f3d719dfeb61069e74bdb3bf	2355971	phase_def_block_20260710	Gate J1.1: 残存 external raw を raw_data へ内容不変救出 (SHA256 保持)
thesis_bc_project/build_miyabi/phaseB_verify_out/auto_email-EuAll.err	raw_data/tuning/kernel_selection/email-EuAll/block/gpu_opt/job_2355971_20260710/auto_email-EuAll.err	raw	2cac11c886b149b2c53350274ae79fd963f2c54dbd95d09e9c6c78e3b3f3d490	2355971	phase_def_block_20260710	Gate J1.1: 残存 external raw を raw_data へ内容不変救出 (SHA256 保持)
thesis_bc_project/build_miyabi/phaseB_verify_out/bc_shared_email-EuAll.txt	raw_data/tuning/kernel_selection/email-EuAll/shared/gpu_opt/job_2355971_20260710/bc_shared_email-EuAll.txt	raw	2396204b09010f87264872f5595f9de6c7c16fcefc45218caec4dd9b557782ec	2355971	phase_def_block_20260710	Gate J1.1: 残存 external raw を raw_data へ内容不変救出 (SHA256 保持)
thesis_bc_project/build_miyabi/phaseB_verify_out/shared_email-EuAll.err	raw_data/tuning/kernel_selection/email-EuAll/shared/gpu_opt/job_2355971_20260710/shared_email-EuAll.err	raw	ef0677c6c094e24d8036012aac84c4159f0cabcad591f9f0a0ea13240ff66633	2355971	phase_def_block_20260710	Gate J1.1: 残存 external raw を raw_data へ内容不変救出 (SHA256 保持)
